"Ocupacion","NoPago","TotalMonto","EstadoContrato","Producto","FechaInicioC","FechaAdjudicación","FechaUltimoPago","FechaProyectadaFin","MontoVencido","Mensualidad","Ingresos","Legal","EdadActual","AZULEstatus","AdjudicaReal","PagosPuntuales","CostoAdmin","Genero","PersonaTipo","dtEstadoContrato","GrupoOrigenVenta","SemanasAdjud","Pagos9","Domicilia_Pago","Email","timetotV","Y"
"ejecutivo (a)",60,265464,"automático","autos","2015-12-18","2018-10-19","2021-03-09","2020-12-18",0,4424,20666,"normal",51,"express","automatica",60,29483,"mujer","fisica","automático","captacion",148.0,8,1,1,60,1
"analista",56,290146,"automático","autos","2015-12-18","2019-04-26","2020-06-25","2020-12-18",0,4835,30372,"normal",23,"express","automatica",56,26227,"hombre","fisica","automático","modulo-agencia",175.0,8,0,1,56,1
"coordinador (a)",59,306787,"automático","autos","2015-04-17","2016-11-18","2020-07-15","2020-04-17",10226,5113,25305,"normal",31,"express","automatica",57,30841,"hombre","fisica","automático","captacion",83.0,8,1,1,60,1
"perito",50,191162,"sorteo","autos","2015-05-15","2015-10-16","2019-05-15","2020-05-15",31860,3186,11031,"legal",36,"normal","normal",40,24240,"mujer","fisica","sorteo","modulo-agencia",22.0,8,0,1,59,0
"comerciante",60,412910,"automático","autos","2015-12-18","2017-12-15","2020-11-03","2020-12-18",6881,6881,40159,"normal",37,"express","automatica",59,28343,"mujer","fisica","automático","modulo-agencia",104.0,3,1,1,61,1
"comerciante",55,523727,"sorteo","autos","2015-11-20","2017-01-20","2020-03-02","2020-11-20",0,8728,37228,"normal",44,"express","automatica",55,25975,"mujer","fisica","sorteo","modulo-agencia",61.0,7,0,1,55,1
"docente",37,324132,"subastado con 009","autos","2016-02-19","2017-02-17","2019-01-17","2021-02-19",10804,5402,23218,"normal",50,"express","automatica",35,17772,"mujer","fisica","subasta (0,20]","evento",52.0,8,0,1,38,1
"jubilado (a)",60,289247,"automático","autos","2015-01-16","2015-11-20","2020-01-02","2020-01-16",9640,4820,25218,"normal",55,"express","automatica",58,29315,"hombre","fisica","automático","captacion",44.0,9,1,1,62,1
"administrador (a)",60,277837,"sorteo","autos","2015-05-15","2016-01-15","2021-04-19","2020-05-15",0,4630,21876,"normal",41,"normal","normal",60,34073,"mujer","fisica","sorteo","modulo-agencia",35.0,8,1,1,60,1
"propietario (a)",48,499999,"sorteo","autos","2015-03-20","2015-07-17","2019-02-01","2020-03-20",16666,8333,37138,"normal",75,"normal","normal",46,23434,"hombre","moral","sorteo","modulo-agencia",17.0,8,1,1,49,1
"docente",49,289732,"subastado con 013","autos","2015-06-19","2015-06-19","2022-05-18","2020-06-19",9656,4828,31321,"normal",47,"normal","normal",47,23716,"mujer","fisica","subasta (0,20]","modulo-agencia",0.0,9,1,1,50,1
"vendedor (a)",40,203075,"sorteo","autos","2015-05-15","2016-01-15","2018-08-31","2020-05-15",23688,3384,22548,"legal",34,"normal","normal",33,19703,"mujer","fisica","sorteo","modulo-agencia",35.0,9,0,1,46,0
"director (a)",60,329107,"automático","autos","2015-11-20","2016-09-23","2021-12-10","2020-11-20",0,5485,23844,"normal",38,"express","automatica",60,33602,"hombre","fisica","automático","captacion",44.0,9,0,1,60,1
"enfermera (o)",60,347190,"sorteo","autos","2015-11-20","2017-02-17","2020-12-02","2020-11-20",0,5786,39314,"normal",57,"express","automatica",60,28762,"mujer","moral","sorteo","modulo-agencia",65.0,9,0,1,60,1
"cocinero (a)",14,58182,"sorteo","autos","2015-06-19","2016-01-15","2016-07-06","2020-06-19",6783,2000,6690,"legal",24,"normal","normal",7,7225,"hombre","fisica","sorteo","captacion",30.0,9,0,1,20,0
"mesero (a)",43,264785,"sorteo","autos","2015-08-21","2017-01-20","2019-02-01","2020-08-21",35304,4413,29639,"legal",34,"express","automatica",35,20811,"hombre","fisica","sorteo","modulo-agencia",74.0,8,0,1,46,0
"mesero (a)",56,247619,"automático","autos","2015-02-20","2018-10-19","2020-02-28","2020-02-20",0,4126,21748,"normal",25,"express","automatica",56,29218,"hombre","fisica","automático","captacion",191.0,9,0,1,56,1
"gerente",40,392562,"subastado con 013","autos","2015-01-16","2015-09-18","2018-04-25","2020-01-16",0,6542,20617,"normal",37,"normal","normal",40,19962,"hombre","fisica","subasta (0,20]","modulo-agencia",35.0,9,1,1,40,1
"vendedor (a)",52,321066,"subastado con 013","autos","2016-08-19","2016-11-18","2020-10-01","2021-08-19",5351,5351,25897,"normal",28,"normal","normal",51,23824,"hombre","fisica","subasta (0,20]","modulo-agencia",13.0,8,0,1,53,1
"médico (a)",60,413490,"sorteo","autos","2016-08-19","2017-03-17","2021-07-26","2021-08-19",13782,6891,33165,"normal",55,"normal","normal",58,27524,"mujer","moral","sorteo","captacion",30.0,8,0,1,61,1
"supervisor (a)",46,205224,"automático","autos","2015-02-20","2016-01-15","2018-11-01","2020-02-20",13680,3420,18911,"legal",28,"express","automatica",42,22626,"hombre","fisica","automático","evento",47.0,8,0,1,47,0
"director (a)",60,671330,"sorteo","autos","2016-09-23","2017-02-17","2022-03-02","2021-09-23",11188,11188,39877,"normal",46,"normal","normal",59,30146,"hombre","fisica","sorteo","modulo-agencia",21.0,8,0,1,61,1
"agente",55,469860,"sorteo","autos","2015-06-19","2015-10-16","2020-05-22","2020-06-19",7831,7831,44091,"normal",53,"normal","normal",54,28939,"hombre","fisica","sorteo","captacion",17.0,8,1,1,56,1
"empleado (a)",56,434440,"automático","autos","2017-09-15","2019-02-15","2022-05-09","2022-09-15",14480,7240,46494,"normal",37,"express","automatica",54,24242,"hombre","fisica","automático","modulo-agencia",74.0,7,0,1,57,1
"operador (a)",31,269140,"automático","autos 6 &amp; ya","2017-09-15","2018-09-21","2020-02-04","2022-09-15",35880,4485,30198,"legal",36,"express","automatica",23,13991,"hombre","fisica","automático","web",53.0,8,0,1,34,0
"propietario (a)",34,332438,"subastado con 013","autos","2016-05-20","2016-07-15","2019-02-06","2021-05-20",5540,5540,35792,"normal",69,"normal","normal",33,16174,"mujer","moral","subasta (0,20]","captacion",8.0,9,0,1,35,1
"comerciante",57,297820,"automático","autos","2017-09-15","2018-08-17","2022-05-02","2022-09-15",4963,4963,23215,"normal",62,"express","automatica",56,24621,"hombre","moral","automático","telemkt",48.0,8,0,0,58,1
"propietario (a)",43,785810,"sorteo","autos 6 &amp; ya","2016-08-19","2018-04-20","2020-02-07","2021-08-19",26192,13096,72330,"normal",36,"express","automatica",41,19896,"hombre","fisica","sorteo","captacion",87.0,9,0,1,45,1
"empleado (a)",59,343666,"automático","autos","2016-11-18","2017-11-17","2022-04-20","2021-11-18",11454,5727,26766,"normal",44,"express","automatica",57,29005,"mujer","fisica","automático","captacion",52.0,8,0,1,60,1
"supervisor (a)",60,390390,"automático","autos","2017-02-17","2017-11-17","2022-01-03","2022-02-17",0,6506,43285,"normal",27,"express","automatica",60,26374,"mujer","fisica","automático","captacion",39.0,8,0,1,60,1
"agricultor (a)",56,489588,"automático","autos","2017-09-15","2018-07-20","2022-04-12","2022-09-15",8159,8159,49235,"normal",24,"express","automatica",55,24242,"hombre","fisica","automático","facebook",44.0,9,1,1,57,1
"comerciante",56,362199,"automático","autos","2015-03-20","2017-03-17","2019-10-23","2020-03-20",0,6036,25112,"normal",52,"express","automatica",56,26968,"mujer","fisica","automático","evento",104.0,8,0,1,56,1
"oficial",5,84350,"subastado con 013","autos","2018-11-16","2018-11-16","2019-03-05","2023-11-16",11240,2000,6690,"legal",29,"normal","normal",3,2223,"mujer","fisica","subasta (0,20]","facebook",0.0,5,0,1,9,0
"responsable",58,705696,"automático","autos","2017-02-17","2017-12-15","2021-11-30","2022-02-17",94088,11761,58590,"legal",30,"express","automatica",50,25596,"hombre","fisica","automático","facebook",43.0,9,0,1,66,0
"gerente",42,214814,"sorteo","autos 6 &amp; ya","2016-09-23","2017-05-19","2020-02-16","2021-09-23",14320,3580,15896,"legal",45,"express","automatica",38,19386,"hombre","fisica","sorteo","modulo-agencia",34.0,8,0,1,46,0
"chofer",55,327389,"sorteo","autos 6 &amp; ya","2017-10-20","2018-06-15","2022-05-20","2022-10-20",10912,5456,22568,"normal",35,"express","automatica",53,23666,"hombre","fisica","sorteo","captacion",34.0,9,0,1,56,1
"empleado (a)",40,233245,"sorteo","autos","2015-03-20","2015-09-18","2018-05-03","2020-03-20",15548,3887,16825,"legal",41,"normal","normal",36,19899,"hombre","fisica","sorteo","modulo-agencia",26.0,8,1,1,41,0
"empleado (a)",41,272406,"automático","autos 6 &amp; ya","2018-11-16","2019-08-16","2022-05-16","2023-11-16",0,4540,19210,"normal",45,"express","automatica",41,17290,"hombre","fisica","automático","facebook",39.0,9,0,1,41,1
"vendedor (a)",58,332814,"automático","autos","2017-06-16","2018-07-20","2022-06-01","2022-06-16",0,5546,19661,"normal",39,"express","automatica",58,25204,"mujer","fisica","automático","modulo-agencia",57.0,7,0,1,58,1
"comerciante",56,366155,"sorteo","autos","2017-09-15","2018-06-15","2022-05-09","2022-09-15",12204,6102,41755,"normal",32,"normal","normal",54,24242,"hombre","fisica","sorteo","telemkt",39.0,7,0,1,57,1
"operador (a)",60,366591,"sorteo","autos 6 &amp; ya","2016-08-19","2017-05-19","2021-07-01","2021-08-19",0,6109,28560,"normal",23,"express","automatica",60,27013,"mujer","fisica","sorteo","captacion",39.0,9,0,1,60,1
"propietario (a)",44,280193,"sorteo","autos","2017-09-15","2017-12-15","2021-03-18","2022-09-15",28014,4669,18194,"legal",29,"normal","normal",38,19485,"hombre","fisica","sorteo","captacion",13.0,8,0,1,49,0
"propietario (a)",44,414180,"automático","autos","2015-01-16","2015-12-18","2018-08-09","2020-01-16",27612,6903,26702,"legal",29,"express","automatica",40,21799,"mujer","fisica","automático","modulo-agencia",48.0,9,1,1,47,0
"encargado (a)",60,314781,"sorteo","autos","2017-04-21","2019-01-18","2022-05-03","2022-04-21",10492,5246,17742,"normal",36,"normal","normal",58,27033,"mujer","fisica","sorteo","modulo-agencia",91.0,8,0,1,61,1
"chofer",42,321162,"subastado con 013","autos","2018-11-16","2019-01-18","2022-05-23","2023-11-16",10704,5352,21689,"normal",56,"express","normal",40,17741,"hombre","moral","subasta (0,20]","captacion",9.0,7,0,1,43,1
"propietario (a)",43,259176,"automático","autos","2018-11-16","2020-02-21","2022-06-01","2023-11-16",8638,4319,22546,"normal",30,"normal","automatica",41,18120,"hombre","fisica","automático","captacion",66.0,2,0,1,44,1
"ejecutivo (a)",42,188490,"automático","autos","2015-06-19","2016-04-15","2018-11-03","2020-06-19",15705,3141,18772,"legal",36,"express","automatica",37,20529,"mujer","fisica","automático","modulo-agencia",43.0,9,0,1,46,0
"propietario (a)",50,273162,"automático","autos","2018-04-20","2019-07-19","2022-06-02","2023-04-20",0,4552,20895,"normal",33,"express","automatica",50,21333,"hombre","fisica","automático","facebook",65.0,8,0,1,50,1
"chofer",46,313158,"automático","autos 6 &amp; ya","2017-09-15","2018-06-15","2021-05-20","2022-09-15",52190,5219,16265,"legal",38,"express","automatica",36,20300,"hombre","fisica","automático","captacion",39.0,8,0,1,56,0
"gerente",49,319646,"subastado con 013","autos","2015-01-16","2015-02-20","2021-03-29","2020-01-16",0,5327,30600,"normal",40,"normal","normal",49,35237,"hombre","fisica","subasta (0,20]","captacion",5.0,9,0,1,49,1
"policía",55,330787,"subastado con 012","autos 6 &amp; ya","2017-04-21","2017-11-17","2021-09-20","2022-04-21",0,5513,26849,"normal",28,"express","automatica",55,24322,"hombre","fisica","subasta (0,20]","facebook",30.0,8,0,1,55,1
"abogado (a)",5,213384,"subastado con 012","autos","2017-09-15","2017-12-15","2017-12-05","2022-09-15",21336,3556,17999,"legal",36,"express","normal",1,2363,"hombre","fisica","subasta (0,20]","modulo-agencia",13.0,4,0,1,8,0
"gerente",50,298298,"sorteo","autos","2018-04-20","2019-03-15","2022-06-03","2023-04-20",9942,4971,25157,"normal",40,"normal","normal",48,21333,"mujer","fisica","sorteo","modulo-agencia",47.0,8,0,1,52,1
"docente",60,415039,"sorteo","autos","2017-02-17","2017-02-17","2022-01-03","2022-02-17",0,6917,30679,"normal",36,"normal","normal",60,26374,"mujer","fisica","sorteo","web",0.0,9,1,1,60,1
"gerente",56,339609,"sorteo","autos","2017-10-20","2017-10-20","2022-06-01","2022-10-20",11320,5660,32906,"normal",38,"normal","normal",54,24143,"hombre","fisica","sorteo","telemkt",0.0,7,1,1,57,1
"propietario (a)",45,335319,"sorteo","autos","2018-04-20","2018-07-20","2021-12-02","2023-04-20",0,5588,34222,"normal",35,"normal","normal",45,19340,"hombre","fisica","sorteo","modulo-agencia",13.0,8,0,1,45,1
"propietario (a)",54,311063,"subastado con 013","autos","2017-11-17","2018-09-21","2022-06-01","2022-11-17",5184,5184,33224,"normal",47,"express","automatica",53,23193,"mujer","fisica","subasta (0,20]","modulo-agencia",44.0,9,0,1,55,1
"empleado (a)",33,212713,"automático","autos 6 &amp; ya","2019-08-16","2020-06-19","2022-04-12","2024-08-16",7090,3545,14981,"normal",23,"express","automatica",31,13738,"hombre","fisica","automático","facebook",44.0,8,0,1,35,1
"propietario (a)",42,350339,"automático","autos","2018-11-16","2020-02-21","2022-05-07","2023-11-16",0,5838,18051,"normal",35,"express","automatica",42,17669,"mujer","fisica","automático","modulo-agencia",66.0,9,0,1,42,1
"propietario (a)",15,178462,"subastado con 013","autos","2017-09-15","2017-10-20","2018-10-23","2022-09-15",17844,2974,9550,"legal",24,"normal","normal",9,6952,"mujer","fisica","subasta (0,20]","modulo-agencia",5.0,8,0,1,19,0
"médico (a)",54,335253,"automático","autos","2016-08-19","2017-07-21","2021-01-16","2021-08-19",5587,5587,31402,"normal",29,"express","automatica",53,24567,"hombre","fisica","automático","captacion",48.0,8,0,1,55,1
"comerciante",50,287481,"subastado con 013","autos","2017-04-21","2018-08-17","2021-05-04","2022-04-21",4791,4791,20749,"normal",45,"express","automatica",49,22229,"hombre","fisica","subasta (0,20]","captacion",69.0,7,1,1,51,1
"empleado (a)",33,221414,"automático","autos 6 &amp; ya","2019-08-16","2020-07-17","2022-06-01","2024-08-16",0,3690,21672,"normal",37,"express","automatica",33,13738,"hombre","fisica","automático","facebook",48.0,8,0,1,33,1
"desarrollador (a)",39,253183,"automático","autos 6 &amp; ya","2018-11-16","2019-07-19","2022-05-30","2023-11-16",8438,4219,14844,"normal",22,"express","automatica",37,16524,"hombre","fisica","automático","facebook",35.0,9,1,1,40,1
"juez (a)",24,145036,"sorteo","autos","2017-01-20","2017-02-17","2018-11-30","2022-01-20",19336,2417,12515,"legal",72,"normal","normal",16,11285,"hombre","moral","sorteo","captacion",4.0,8,0,1,28,0
"propietario (a)",60,324045,"automático","autos","2017-02-17","2018-06-15","2022-06-02","2022-02-17",5400,5400,35135,"normal",60,"express","automatica",59,27519,"mujer","moral","automático","captacion",69.0,8,0,1,61,1
"vendedor (a)",27,124984,"sorteo","autos","2016-12-16","2017-03-17","2019-01-03","2021-12-16",20830,2083,10925,"legal",24,"normal","normal",17,12673,"mujer","fisica","sorteo","captacion",13.0,9,0,1,35,0
"independiente",53,402310,"subastado con 013","autos","2017-11-17","2019-02-15","2022-05-27","2022-11-17",0,6705,29462,"normal",18,"express","automatica",53,22814,"hombre","fisica","subasta (0,20]","facebook",65.0,9,0,1,53,1
"jefe (a)",50,387007,"subastado con 013","autos","2018-03-16","2019-02-15","2022-06-01","2023-03-16",6450,6450,29490,"normal",40,"express","automatica",49,21416,"hombre","fisica","subasta (0,20]","modulo-agencia",48.0,8,0,1,51,1
"empresa",52,506811,"automático","autos","2018-03-16","2019-01-18","2022-06-02","2023-03-16",0,8446,55153,"normal",43,"express","automatica",52,22258,"hombre","fisica","automático","telemkt",44.0,8,0,1,52,1
"propietario (a)",47,371692,"subastado con 012","autos","2016-09-23","2017-09-15","2020-07-03","2021-09-23",0,6194,29734,"normal",42,"express","normal",47,21534,"mujer","fisica","subasta (0,20]","modulo-agencia",51.0,3,0,1,47,1
"docente",55,394029,"subastado con 013","autos","2017-10-20","2018-11-16","2022-06-01","2022-10-20",6567,6567,36684,"normal",54,"express","automatica",54,23764,"hombre","fisica","subasta (0,20]","captacion",56.0,8,0,1,56,1
"médico (a)",56,462500,"automático","autos","2017-10-20","2019-02-15","2022-06-02","2022-10-20",0,7708,41844,"normal",53,"express","automatica",56,24143,"mujer","fisica","automático","modulo-agencia",69.0,7,0,1,56,1
"instructor (a)",45,282143,"sorteo","autos","2018-08-17","2019-06-21","2022-05-17","2023-08-17",0,4702,26056,"normal",29,"express","automatica",45,19109,"hombre","fisica","sorteo","facebook",44.0,8,0,1,45,1
"empleado (a)",43,207986,"automático","autos","2017-02-17","2018-04-20","2020-08-17","2022-02-17",17330,3466,12928,"legal",32,"express","automatica",38,19461,"mujer","fisica","automático","modulo-agencia",61.0,7,0,1,47,0
"desarrollador (a)",45,385189,"subastado con 013","autos","2018-08-17","2018-08-17","2022-04-22","2023-08-17",12838,6419,37742,"normal",26,"normal","normal",43,19109,"hombre","fisica","subasta (0,20]","facebook",0.0,8,0,1,46,1
"auxiliar",54,342496,"subastado con 013","autos","2017-11-17","2018-12-21","2022-05-03","2022-11-17",5708,5708,28916,"normal",34,"express","automatica",53,23193,"mujer","fisica","subasta (0,20]","modulo-agencia",57.0,9,0,1,55,1
"empleado (a)",50,386011,"sorteo","autos","2018-03-16","2018-11-16","2022-05-21","2023-03-16",12866,6433,30816,"normal",39,"normal","normal",48,21416,"mujer","fisica","sorteo","facebook",35.0,7,0,1,52,1
"empleado (a)",53,339228,"subastado con 012","autos","2015-04-17","2015-04-17","2019-07-19","2020-04-17",0,5653,23762,"normal",28,"normal","normal",53,25648,"hombre","fisica","subasta (0,20]","modulo-agencia",0.0,9,1,1,53,1
"propietario (a)",60,365062,"automático","autos","2015-05-15","2016-05-20","2020-06-11","2020-05-15",6084,6084,28088,"normal",25,"express","automatica",59,29892,"hombre","fisica","automático","modulo-agencia",53.0,9,1,1,61,1
"ingeniero (a)",56,349150,"subastado con 013","autos","2017-09-15","2018-11-16","2022-06-02","2022-09-15",5819,5819,31350,"normal",27,"express","automatica",55,24242,"hombre","fisica","subasta (0,20]","captacion",61.0,8,0,1,57,1
"chofer",60,349212,"automático","autos 6 &amp; ya","2016-09-23","2017-08-18","2021-08-27","2021-09-23",5820,5820,39161,"normal",37,"express","automatica",59,26905,"hombre","fisica","automático","modulo-agencia",47.0,9,0,1,61,1
"vendedor (a)",60,615614,"automático","autos","2015-05-15","2016-10-21","2020-07-01","2020-05-15",20520,10260,51450,"normal",23,"express","automatica",58,30318,"mujer","fisica","automático","modulo-agencia",75.0,8,1,1,61,1
"operador (a)",60,315050,"subastado con 012","autos","2017-04-21","2018-03-16","2022-06-02","2022-04-21",10500,5250,20037,"normal",37,"express","automatica",58,26170,"hombre","fisica","subasta (0,20]","modulo-agencia",47.0,9,0,1,62,1
"taxista",39,200248,"subastado con 013","autos","2016-10-21","2017-04-21","2019-12-30","2021-10-21",20022,3337,10816,"legal",55,"normal","normal",33,18021,"hombre","moral","subasta (0,20]","captacion",26.0,8,0,1,45,0
"empleado (a)",51,292979,"subastado con 013","autos","2018-02-16","2018-12-21","2022-05-23","2023-02-16",4882,4882,27016,"normal",20,"express","automatica",50,21795,"hombre","fisica","subasta (0,20]","captacion",44.0,9,0,1,52,1
"propietario (a)",25,116281,"automático","autos","2016-01-15","2017-08-18","2018-01-12","2021-01-15",15504,2000,12093,"legal",38,"express","automatica",17,12310,"mujer","fisica","automático","modulo-agencia",83.0,7,0,1,32,0
"gerente",46,281415,"automático","autos 6 &amp; ya","2018-08-17","2019-04-26","2022-05-04","2023-08-17",4690,4690,19619,"normal",44,"express","automatica",45,19488,"hombre","fisica","automático","web",36.0,8,0,1,47,1
"auxiliar",54,328715,"automático","autos","2017-11-17","2018-10-19","2022-05-10","2022-11-17",0,5478,31471,"normal",58,"express","automatica",54,23193,"hombre","moral","automático","modulo-agencia",48.0,9,0,1,54,1
"coordinador (a)",58,304595,"subastado con 012","autos","2015-05-15","2016-06-17","2020-04-27","2020-05-15",5076,5076,26079,"normal",43,"express","automatica",57,29032,"mujer","fisica","subasta (0,20]","modulo-agencia",57.0,7,1,1,59,1
"enfermera (o)",59,328023,"automático","autos","2016-12-16","2017-12-15","2021-11-16","2021-12-16",0,5467,37636,"normal",25,"express","automatica",59,27082,"mujer","fisica","automático","modulo-agencia",52.0,7,0,1,59,1
"docente",54,375637,"automático","autos","2015-05-15","2016-06-17","2020-08-20","2020-05-15",12520,6260,42625,"normal",26,"express","automatica",52,30743,"mujer","fisica","automático","modulo-agencia",57.0,9,1,1,56,1
"contador (a)",41,256020,"subastado con 013","autos","2017-11-17","2017-12-15","2021-03-02","2022-11-17",21335,4267,23851,"legal",36,"normal","normal",36,18057,"mujer","fisica","subasta (0,20]","telemkt",4.0,8,0,1,44,0
"propietario (a)",30,189894,"sorteo","autos","2019-12-20","2020-05-15","2022-06-02","2024-12-20",6328,3164,17452,"normal",32,"normal","normal",28,12356,"mujer","fisica","sorteo","facebook",21.0,8,0,1,31,1
"asesor (a)",47,335702,"sorteo","autos","2018-06-15","2019-04-26","2022-05-31","2023-06-15",11190,5595,38069,"normal",29,"express","automatica",45,20032,"mujer","fisica","sorteo","modulo-agencia",45.0,7,0,1,48,1
"comerciante",47,297732,"subastado con 013","autos","2018-03-16","2019-01-18","2021-12-24","2023-03-16",44658,4962,18886,"legal",21,"express","automatica",38,20262,"mujer","fisica","subasta (0,20]","captacion",44.0,8,0,1,48,0
"chofer",55,332349,"automático","autos","2017-09-15","2018-05-18","2022-05-15","2022-09-15",0,5539,34956,"normal",50,"express","automatica",55,23764,"hombre","fisica","automático","captacion",35.0,9,0,1,55,1
"comerciante",41,397697,"automático","autos","2018-12-21","2019-11-15","2022-06-03","2023-12-21",0,6628,28590,"normal",42,"express","automatica",41,17221,"hombre","fisica","automático","captacion",47.0,8,1,1,41,1
"almacenista",39,205325,"automático","autos","2016-12-16","2017-09-15","2020-01-15","2021-12-16",23954,3422,11810,"legal",28,"express","automatica",32,17947,"hombre","fisica","automático","captacion",39.0,6,0,1,45,0
"propietario (a)",28,187573,"sorteo","autos","2019-12-20","2020-08-21","2022-02-28","2024-12-20",6252,3126,21674,"normal",35,"normal","normal",26,11596,"hombre","fisica","sorteo","facebook",35.0,7,0,1,29,1
"propietario (a)",59,261646,"automático","autos","2015-06-19","2016-12-16","2020-09-18","2020-06-19",4360,4360,19043,"normal",28,"express","automatica",58,30642,"hombre","fisica","automático","modulo-agencia",78.0,6,0,1,60,1
"asesor (a)",43,218602,"subastado con 012","autos","2016-01-15","2016-02-19","2019-06-24","2021-01-15",14572,3643,23383,"legal",43,"express","normal",39,20502,"mujer","fisica","subasta (0,20]","captacion",5.0,9,1,1,44,0
"comerciante",56,287346,"sorteo","autos","2016-12-16","2017-08-18","2021-06-30","2021-12-16",0,4789,19933,"normal",51,"normal","normal",56,25090,"hombre","fisica","sorteo","modulo-agencia",35.0,8,0,1,56,1
"chofer",56,258173,"automático","autos","2017-10-20","2018-07-20","2022-05-07","2022-10-20",4302,4302,15502,"normal",33,"express","automatica",55,24143,"hombre","fisica","automático","modulo-agencia",39.0,9,0,1,57,1
"operador (a)",49,299166,"sorteo","autos 6 &amp; ya","2018-04-20","2018-08-17","2022-05-14","2023-04-20",9972,4986,20008,"normal",39,"normal","normal",47,20873,"hombre","fisica","sorteo","facebook",17.0,9,1,1,51,1
"taxista",42,194967,"subastado con 013","autos","2017-09-15","2017-09-15","2021-02-24","2022-09-15",19494,3249,12816,"legal",73,"normal","normal",36,18598,"hombre","moral","subasta (0,20]","captacion",0.0,9,0,1,47,0
"producción",23,140411,"sorteo","autos 6 &amp; ya","2020-06-19","2020-10-16","2022-06-02","2025-06-19",0,2340,10784,"normal",37,"normal","normal",23,9338,"hombre","fisica","sorteo","facebook",17.0,9,0,1,23,1
"empleado (a)",60,295979,"sorteo","autos","2015-07-17","2015-07-17","2020-08-31","2020-07-17",9864,4932,20326,"normal",26,"normal","normal",58,29693,"hombre","fisica","sorteo","modulo-agencia",0.0,7,0,1,61,1
"profesionista",58,244168,"sorteo","autos","2016-01-15","2016-09-23","2020-09-28","2021-01-15",0,4069,21521,"normal",51,"normal","normal",58,26985,"mujer","fisica","sorteo","modulo-agencia",36.0,8,0,1,58,1
"chofer",48,286744,"automático","autos","2018-04-20","2019-03-15","2022-03-22","2023-04-20",4779,4779,26052,"normal",43,"express","automatica",47,20494,"mujer","fisica","automático","modulo-agencia",47.0,9,0,1,49,1
"comerciante",37,142772,"automático","autos","2017-11-17","2018-08-17","2020-11-07","2022-11-17",23790,2379,11283,"legal",26,"express","automatica",27,16400,"mujer","fisica","automático","captacion",39.0,9,0,1,45,0
"gerente",56,336648,"automático","autos","2017-05-19","2018-03-16","2021-11-01","2022-05-19",11220,5610,25569,"normal",34,"express","automatica",54,24626,"hombre","fisica","automático","modulo-agencia",43.0,8,0,1,58,1
"empleado (a)",52,259416,"automático","autos","2016-01-15","2016-12-16","2020-03-17","2021-01-15",34584,4323,20870,"legal",34,"express","automatica",44,24418,"hombre","fisica","automático","captacion",48.0,7,0,1,60,0
"mesero (a)",38,320163,"sorteo","autos","2019-04-26","2020-04-17","2022-06-02","2024-04-26",10672,5336,17133,"normal",35,"express","automatica",36,15889,"hombre","fisica","sorteo","captacion",51.0,8,0,1,40,1
"coordinador (a)",49,341674,"subastado con 013","autos 6 &amp; ya","2018-04-20","2019-05-17","2022-06-02","2023-04-20",0,5694,24472,"normal",40,"express","automatica",49,20873,"mujer","fisica","subasta (0,20]","facebook",56.0,5,1,1,49,1
"independiente",26,143384,"automático","autos","2020-04-17","2021-09-24","2022-06-02","2025-04-17",2389,2389,8131,"normal",49,"express","automatica",25,10630,"hombre","fisica","automático","facebook",75.0,7,0,1,27,1
"empleado (a)",48,395710,"subastado con 014","autos","2018-04-20","2019-09-20","2022-05-09","2023-04-20",0,6595,24637,"normal",40,"express","automatica",48,20494,"mujer","fisica","subasta (0,20]","captacion",74.0,8,0,1,48,1
"propietario (a)",25,134733,"automático","autos","2015-07-17","2016-04-15","2017-06-22","2020-07-17",17960,2245,9483,"legal",34,"normal","normal",17,12650,"hombre","fisica","automático","modulo-agencia",39.0,8,1,1,30,0
"gerente",49,315195,"automático","autos","2018-05-18","2019-06-21","2022-06-01","2023-05-18",5253,5253,35211,"normal",36,"express","automatica",48,20873,"hombre","fisica","automático","modulo-agencia",57.0,8,1,1,50,1
"empleado (a)",58,415462,"automático","autos","2016-01-15","2016-11-18","2020-09-30","2021-01-15",13848,6924,27032,"normal",47,"express","automatica",56,26985,"hombre","fisica","automático","modulo-agencia",44.0,8,0,1,59,1
"propietario (a)",21,253949,"automático","autos","2020-08-21","2021-09-24","2022-06-03","2025-08-21",4232,4232,19350,"normal",40,"express","automatica",20,8482,"hombre","fisica","automático","captacion",57.0,9,0,1,22,1
"empleado (a)",22,180917,"sorteo","autos 6 &amp; ya","2020-07-17","2020-09-18","2022-06-01","2025-07-17",6030,3015,15821,"normal",51,"normal","normal",20,8909,"hombre","fisica","sorteo","facebook",9.0,9,0,1,23,1
"administrador (a)",39,281315,"subastado con 014","autos 6 &amp; ya","2019-03-15","2019-12-20","2022-05-11","2024-03-15",0,4688,19758,"normal",24,"express","automatica",39,16333,"hombre","fisica","subasta (0,20]","facebook",40.0,8,0,1,39,1
"chef",51,304508,"sorteo","autos","2018-03-16","2018-09-21","2022-05-04","2023-03-16",0,5075,26444,"normal",46,"normal","normal",51,21795,"hombre","fisica","sorteo","captacion",27.0,7,0,1,51,1
"comerciante",56,360462,"subastado con 012","autos","2017-02-17","2017-12-15","2021-09-29","2022-02-17",6007,6007,31342,"normal",25,"express","automatica",55,24808,"mujer","fisica","subasta (0,20]","captacion",43.0,9,0,1,57,1
"dentista",56,272613,"sorteo","autos","2015-07-17","2016-07-15","2020-01-11","2020-07-17",18172,4543,28346,"legal",30,"normal","normal",52,26692,"hombre","fisica","sorteo","captacion",52.0,8,0,1,60,0
"operador (a)",53,428618,"subastado con 013","autos 6 &amp; ya","2018-01-19","2018-10-19","2022-06-02","2023-01-19",7143,7143,37931,"normal",40,"express","automatica",52,22724,"hombre","fisica","subasta (0,20]","captacion",39.0,8,0,1,54,1
"contador (a)",60,340082,"sorteo","autos","2015-07-17","2015-12-18","2020-12-10","2020-07-17",5668,5668,29515,"normal",34,"normal","normal",59,30851,"hombre","fisica","sorteo","evento",22.0,9,1,1,61,1
"chofer",41,221912,"sorteo","autos","2018-04-20","2019-04-26","2021-08-22","2023-04-20",25886,3698,16439,"legal",19,"express","automatica",34,17762,"mujer","fisica","sorteo","facebook",53.0,9,0,1,47,0
"administrador (a)",55,219663,"sorteo","autos","2015-08-21","2016-02-19","2020-01-07","2020-08-21",18305,3661,18556,"legal",41,"normal","normal",50,26166,"mujer","fisica","sorteo","captacion",26.0,8,1,1,58,0
"comerciante",55,342087,"automático","autos 6 &amp; ya","2017-09-15","2018-07-20","2022-06-02","2022-09-15",0,5701,23399,"normal",38,"express","automatica",55,23764,"mujer","fisica","automático","facebook",44.0,9,0,1,55,1
"administrador (a)",33,168656,"automático","autos 6 &amp; ya","2019-08-16","2020-02-21","2022-05-11","2024-08-16",5620,2810,8945,"normal",41,"normal","automatica",31,13738,"hombre","fisica","automático","facebook",27.0,7,1,1,34,1
"docente",31,172814,"subastado con 013","autos","2015-08-21","2015-08-21","2018-01-31","2020-08-21",25920,2880,16196,"legal",38,"normal","normal",22,15430,"hombre","fisica","subasta (0,20]","modulo-agencia",0.0,9,0,1,35,0
"propietario (a)",47,440495,"automático","autos","2016-12-16","2017-11-17","2020-09-18","2021-12-16",14682,7341,50563,"normal",18,"express","automatica",45,21371,"hombre","moral","automático","captacion",48.0,8,0,1,48,1
"educador (a)",53,334615,"automático","autos 6 &amp; ya","2018-01-19","2018-10-19","2022-05-05","2023-01-19",5576,5576,25381,"normal",33,"express","automatica",52,22724,"hombre","fisica","automático","captacion",39.0,8,1,1,54,1
"propietario (a)",23,125274,"automático","autos 6 &amp; ya","2020-06-19","2021-05-28","2022-06-02","2025-06-19",4174,2087,12198,"normal",44,"express","automatica",21,9338,"hombre","fisica","automático","facebook",49.0,9,0,1,25,1
"operador (a)",58,241986,"sorteo","autos","2015-08-21","2015-12-18","2021-02-19","2020-08-21",0,4033,13885,"normal",43,"normal","normal",58,31679,"mujer","fisica","sorteo","modulo-agencia",17.0,8,0,1,58,1
"encargado (a)",33,144384,"sorteo","autos","2019-08-16","2019-10-18","2022-05-02","2024-08-16",4812,2406,12120,"normal",27,"normal","normal",31,13738,"hombre","fisica","sorteo","modulo-agencia",9.0,5,0,1,35,1
"administrador (a)",51,252409,"subastado con 013","autos","2018-03-16","2019-05-17","2022-06-01","2023-03-16",4206,4206,16862,"normal",24,"express","automatica",50,21795,"mujer","fisica","subasta (0,20]","modulo-agencia",61.0,8,0,1,52,1
"chofer",46,182397,"automático","autos","2015-08-21","2016-08-19","2019-04-15","2020-08-21",15195,3039,14525,"legal",22,"express","automatica",41,22221,"hombre","fisica","automático","modulo-agencia",52.0,8,0,1,50,0
"mantenimiento",21,111765,"sorteo","autos 6 &amp; ya","2020-09-18","2021-04-16","2022-06-02","2025-09-18",3724,2000,11810,"normal",25,"normal","normal",19,8482,"hombre","fisica","sorteo","facebook",30.0,8,0,1,23,1
"comerciante",27,178371,"sorteo","autos 6 &amp; ya","2020-02-21","2021-01-22","2022-06-02","2025-02-21",2972,2972,20752,"normal",52,"normal","normal",26,11059,"hombre","fisica","sorteo","facebook",48.0,9,0,1,28,1
"comerciante",35,208835,"sorteo","autos","2017-02-17","2017-11-17","2019-12-02","2022-02-17",27840,3480,24143,"legal",30,"normal","normal",27,16031,"mujer","fisica","sorteo","modulo-agencia",39.0,9,1,1,39,0
"empleado (a)",53,301752,"subastado con 013","autos","2017-12-15","2019-01-18","2022-05-06","2022-12-15",0,5029,23273,"normal",32,"express","automatica",53,22814,"hombre","fisica","subasta (0,20]","modulo-agencia",57.0,8,0,1,53,1
"gerente",30,244080,"sorteo","autos 6 &amp; ya","2019-12-20","2020-10-16","2022-05-31","2024-12-20",0,4068,14834,"normal",41,"normal","normal",30,12356,"hombre","fisica","sorteo","modulo-agencia",43.0,8,0,1,30,1
"administrador (a)",16,90302,"automático","autos","2017-09-15","2018-07-20","2018-11-01","2022-09-15",12040,2000,8431,"legal",24,"express","automatica",8,7400,"hombre","fisica","automático","modulo-agencia",44.0,8,0,1,24,0
"operador (a)",25,231198,"sorteo","autos 6 &amp; ya","2020-02-21","2020-11-20","2022-02-18","2025-02-21",7706,3853,25717,"normal",25,"express","automatica",23,10299,"hombre","fisica","sorteo","facebook",39.0,9,0,1,26,1
"propietario (a)",51,454169,"sorteo","autos","2018-03-16","2020-09-18","2022-06-03","2023-03-16",15138,7569,32133,"normal",35,"express","automatica",49,21795,"mujer","fisica","sorteo","telemkt",131.0,6,0,1,52,1
"médico (a)",37,375112,"subastado con 013","autos","2018-12-21","2018-12-21","2021-12-07","2023-12-21",12502,6251,32270,"normal",49,"normal","normal",35,15689,"hombre","fisica","subasta (0,20]","facebook",0.0,7,0,1,38,1
"administrador (a)",56,410383,"automático","autos","2017-10-20","2018-10-19","2022-06-02","2022-10-20",6839,6839,30537,"normal",50,"express","automatica",55,24143,"hombre","fisica","automático","facebook",52.0,8,0,1,57,1
"ejecutivo (a)",31,234140,"automático","autos 6 &amp; ya","2018-10-19","2019-04-26","2021-04-29","2023-10-19",19510,3902,25823,"legal",34,"express","automatica",26,13393,"hombre","fisica","automático","facebook",27.0,8,0,1,32,0
"promotor (a)",45,348822,"automático","autos","2017-10-20","2018-09-21","2021-05-07","2022-10-20",52317,5813,20498,"legal",49,"express","automatica",36,19822,"hombre","fisica","automático","modulo-agencia",48.0,7,0,1,47,0
"propietario (a)",30,243510,"sorteo","autos 6 &amp; ya","2019-12-20","2020-08-21","2022-06-01","2024-12-20",8116,4058,20991,"normal",38,"express","automatica",28,12356,"hombre","fisica","sorteo","facebook",35.0,8,1,1,31,1
"chofer",26,119263,"subastado con 012","autos 6 &amp; ya","2016-12-16","2017-08-18","2019-01-08","2021-12-16",13909,2000,11311,"legal",40,"express","automatica",19,12173,"hombre","fisica","subasta (0,20]","captacion",35.0,9,0,0,31,0
"chef",35,188358,"subastado con 013","autos","2017-11-17","2018-11-16","2022-03-11","2022-11-17",21973,3139,18539,"legal",30,"express","automatica",28,15559,"hombre","fisica","subasta (0,20]","facebook",52.0,8,1,1,41,0
"jefe (a)",44,227901,"automático","autos 6 &amp; ya","2018-08-17","2019-03-15","2022-05-29","2023-08-17",7596,3798,19939,"normal",37,"express","automatica",42,18651,"hombre","fisica","automático","facebook",30.0,8,0,1,45,1
"docente",55,269107,"automático","autos","2017-09-15","2018-10-19","2022-05-31","2022-09-15",0,4485,25275,"normal",53,"express","automatica",55,23764,"mujer","fisica","automático","modulo-agencia",57.0,8,0,1,55,1
"intendente",51,240755,"sorteo","autos","2018-03-16","2019-03-15","2022-06-01","2023-03-16",4012,4012,23164,"normal",72,"express","automatica",50,21795,"hombre","moral","sorteo","modulo-agencia",52.0,8,0,1,52,1
"coordinador (a)",56,403124,"sorteo","autos","2017-09-15","2018-06-15","2022-06-01","2022-09-15",6718,6718,21978,"normal",28,"express","automatica",55,24143,"hombre","fisica","sorteo","modulo-agencia",39.0,9,0,1,57,1
"comerciante",55,270269,"automático","autos","2015-09-18","2016-09-23","2020-09-08","2020-09-18",0,4504,25114,"normal",58,"express","automatica",55,28542,"hombre","moral","automático","modulo-agencia",53.0,9,0,0,55,1
"ingeniero (a)",44,309102,"subastado con 013","autos 6 &amp; ya","2018-03-16","2019-02-15","2021-09-10","2023-03-16",46359,5151,25271,"legal",47,"express","automatica",35,19084,"mujer","fisica","subasta (0,20]","facebook",48.0,8,0,1,51,0
"auxiliar",45,227805,"subastado con 014","autos","2018-08-17","2019-06-21","2022-05-11","2023-08-17",3796,3796,22252,"normal",27,"express","automatica",44,19109,"mujer","fisica","subasta (0,20]","telemkt",44.0,8,1,1,46,1
"propietario (a)",55,244919,"subastado con 013","autos","2017-11-17","2018-09-21","2022-06-02","2022-11-17",0,4081,27842,"normal",41,"express","automatica",55,23666,"hombre","fisica","subasta (0,20]","modulo-agencia",44.0,8,0,1,55,1
"jubilado (a)",33,199473,"subastado con 013","autos","2015-09-18","2015-10-16","2018-04-02","2020-09-18",6648,3324,18333,"normal",57,"normal","normal",31,16289,"mujer","moral","subasta (0,20]","captacion",4.0,7,0,1,35,1
"chef",17,116019,"sorteo","autos 6 &amp; ya","2021-01-22","2021-10-15","2022-05-03","2026-01-22",3866,2000,9214,"normal",44,"express","automatica",15,6793,"mujer","fisica","sorteo","facebook",38.0,8,0,1,18,1
"independiente",29,368527,"automático","autos 6 &amp; ya","2019-12-20","2020-10-16","2022-06-02","2024-12-20",12284,6142,33102,"normal",43,"express","automatica",27,11921,"hombre","fisica","automático","facebook",43.0,8,0,1,31,1
"propietario (a)",60,571891,"automático","autos","2017-01-20","2017-12-15","2022-01-25","2022-01-20",0,9531,43247,"normal",67,"express","automatica",60,26475,"mujer","moral","automático","modulo-agencia",47.0,7,0,1,60,1
"empleado (a)",60,307585,"automático","autos","2015-09-18","2017-05-19","2022-06-03","2020-09-18",10252,5126,23341,"normal",34,"express","automatica",58,36321,"hombre","fisica","automático","modulo-agencia",87.0,8,1,1,61,1
"empleado (a)",23,153914,"sorteo","autos 6 &amp; ya","2020-05-15","2020-07-17","2022-05-13","2025-05-15",0,2565,16993,"normal",29,"normal","normal",23,9442,"hombre","fisica","sorteo","facebook",9.0,8,1,1,23,1
"ingeniero (a)",17,173037,"sorteo","autos 6 &amp; ya","2020-12-18","2021-11-19","2022-05-30","2025-12-18",2883,2883,16213,"normal",44,"express","automatica",16,6835,"hombre","fisica","sorteo","captacion",48.0,9,0,1,18,1
"comerciante",47,463746,"subastado con 013","autos 6 &amp; ya","2018-06-15","2019-05-17","2022-05-05","2023-06-15",15458,7729,42270,"normal",30,"express","automatica",45,20032,"hombre","fisica","subasta (0,20]","facebook",48.0,8,0,1,49,1
"gerente",57,425899,"sorteo","autos","2017-07-21","2017-07-21","2022-06-03","2022-07-21",0,7098,31906,"normal",36,"normal","normal",57,24722,"hombre","fisica","sorteo","facebook",0.0,8,1,1,57,1
"conductor (a)",30,153065,"sorteo","autos 6 &amp; ya","2019-12-20","2020-06-19","2022-05-30","2024-12-20",2551,2551,9571,"normal",45,"normal","normal",29,12356,"hombre","fisica","sorteo","modulo-agencia",26.0,7,0,1,31,1
"vendedor (a)",31,144163,"automático","autos 6 &amp; ya","2017-10-20","2018-07-20","2020-03-24","2022-10-20",16814,2402,10905,"legal",46,"express","automatica",24,13942,"hombre","fisica","automático","modulo-agencia",39.0,8,0,1,36,0
"empleado (a)",53,281645,"subastado con 012","autos","2015-09-18","2016-03-18","2019-12-19","2020-09-18",0,4694,15522,"normal",36,"normal","normal",53,25211,"hombre","fisica","subasta (0,20]","modulo-agencia",26.0,8,1,1,53,1
"supervisor (a)",43,389745,"subastado con 013","autos","2015-09-18","2015-11-20","2019-02-08","2020-09-18",0,6495,29022,"normal",29,"normal","normal",43,20811,"hombre","fisica","subasta (0,20]","modulo-agencia",9.0,7,1,1,43,1
"encargado (a)",60,432791,"automático","autos","2017-04-21","2018-05-18","2022-03-22","2022-04-21",0,7213,22266,"normal",39,"express","automatica",60,26170,"mujer","fisica","automático","captacion",56.0,9,1,1,60,1
"empleado (a)",33,195755,"subastado con 013","autos","2018-01-19","2019-01-18","2020-08-18","2023-01-19",16310,3262,17932,"legal",41,"express","automatica",28,14667,"mujer","fisica","subasta (0,20]","facebook",52.0,8,1,1,34,0
"propietario (a)",17,89243,"sorteo","autos 6 &amp; ya","2021-01-22","2021-05-28","2022-06-02","2026-01-22",1487,2000,8358,"normal",28,"normal","normal",16,6793,"mujer","fisica","sorteo","facebook",18.0,8,0,1,18,1
"recursos humanos",60,395064,"automático","autos 6 &amp; ya","2017-06-16","2018-01-19","2022-06-02","2022-06-16",0,6584,36792,"normal",21,"express","automatica",60,26066,"hombre","fisica","automático","facebook",31.0,8,0,1,60,1
"instructor (a)",22,128012,"sorteo","autos 6 &amp; ya","2020-06-19","2021-01-22","2022-06-02","2025-06-19",2133,2133,11063,"normal",32,"express","automatica",21,8959,"hombre","fisica","sorteo","facebook",31.0,6,0,1,23,1
"servicio",34,209606,"sorteo","autos 6 &amp; ya","2019-08-16","2020-04-17","2022-06-03","2024-08-16",0,3493,17473,"normal",24,"express","automatica",34,14117,"hombre","fisica","sorteo","facebook",35.0,8,1,1,34,1
"gerente",23,93701,"subastado con 013","autos 6 &amp; ya","2018-06-15","2019-05-17","2020-03-04","2023-06-15",15610,2000,6901,"legal",21,"express","automatica",13,10210,"hombre","fisica","subasta (0,20]","facebook",48.0,8,0,1,33,0
"operador (a)",55,284522,"automático","autos","2015-10-16","2016-08-19","2020-03-03","2020-10-16",4742,4742,22732,"normal",34,"express","automatica",54,25975,"hombre","fisica","automático","modulo-agencia",44.0,7,0,0,56,1
"vendedor (a)",41,173912,"automático","autos","2017-09-15","2018-07-20","2020-12-31","2022-09-15",17388,2898,12397,"legal",36,"express","automatica",35,18247,"mujer","fisica","automático","captacion",44.0,8,0,1,43,0
"propietario (a)",51,186092,"automático","autos","2015-10-16","2016-09-23","2019-11-16","2020-10-16",27909,3101,13930,"legal",26,"express","automatica",42,24255,"hombre","fisica","automático","captacion",49.0,7,0,1,53,0
"operador (a)",50,260519,"automático","autos","2018-03-16","2019-02-15","2022-06-02","2023-03-16",4341,4341,20943,"normal",27,"express","automatica",49,21333,"hombre","fisica","automático","facebook",48.0,9,0,1,51,1
"asesor (a)",35,238617,"subastado con 012","autos","2015-10-16","2016-03-18","2018-07-30","2020-10-16",7952,3976,17469,"normal",53,"normal","normal",33,17147,"mujer","fisica","subasta (0,20]","modulo-agencia",22.0,8,1,1,36,1
"propietario (a)",50,312237,"subastado con 013","autos","2018-03-16","2019-03-15","2022-06-01","2023-03-16",0,5203,24319,"normal",29,"express","automatica",50,21416,"mujer","fisica","subasta (0,20]","facebook",52.0,8,0,1,50,1
"recepcionista",27,174820,"sorteo","autos 6 &amp; ya","2020-02-21","2020-11-20","2022-05-16","2025-02-21",2913,2913,16318,"normal",23,"express","automatica",26,11059,"mujer","fisica","sorteo","facebook",39.0,9,0,1,28,1
"empleado (a)",48,334378,"sorteo","autos","2018-06-15","2018-06-15","2022-04-06","2023-06-15",0,5572,18867,"normal",52,"normal","normal",48,20411,"mujer","fisica","sorteo","captacion",0.0,8,0,1,48,1
"docente",51,377752,"automático","autos 6 &amp; ya","2017-04-21","2017-11-17","2021-06-18","2022-04-21",12590,6295,39207,"normal",54,"express","automatica",49,22634,"hombre","fisica","automático","web",30.0,8,0,1,52,1
"gerente",29,280289,"subastado con 013","autos","2017-06-16","2017-06-16","2019-10-04","2022-06-16",42039,4671,30101,"legal",42,"normal","normal",20,13228,"hombre","fisica","subasta (0,20]","captacion",0.0,8,0,1,37,0
"operador (a)",29,210515,"sorteo","autos 6 &amp; ya","2020-01-17","2020-10-16","2022-06-01","2025-01-17",0,3508,18660,"normal",26,"express","automatica",29,11921,"hombre","fisica","sorteo","captacion",39.0,8,0,1,29,1
"estilista",45,323726,"subastado con 014","autos 6 &amp; ya","2018-08-17","2019-06-21","2022-06-01","2023-08-17",10790,5395,22635,"normal",41,"express","automatica",43,19030,"mujer","fisica","subasta (0,20]","facebook",44.0,8,0,1,46,1
"agente",56,346357,"subastado con 013","autos 6 &amp; ya","2017-09-15","2018-11-16","2022-05-12","2022-09-15",11544,5772,18495,"normal",41,"express","automatica",54,24242,"hombre","fisica","subasta (0,20]","captacion",61.0,7,0,1,57,1
"gerente",27,401066,"sorteo","autos","2020-02-21","2021-05-28","2022-06-02","2025-02-21",13368,6684,44621,"normal",54,"normal","normal",25,11059,"mujer","fisica","sorteo","facebook",66.0,8,0,1,29,1
"chofer",41,600443,"subastado con 013","autos","2018-12-21","2019-01-18","2022-06-03","2023-12-21",20014,10007,50452,"normal",20,"normal","normal",39,17221,"hombre","fisica","subasta (0,20]","modulo-agencia",4.0,9,0,1,42,1
"director (a)",12,187158,"subastado con 013","autos","2018-09-21","2018-09-21","2019-08-26","2023-09-21",15595,3119,15327,"legal",38,"normal","normal",7,5340,"hombre","fisica","subasta (0,20]","captacion",0.0,8,0,1,17,0
"comerciante",47,377432,"subastado con 013","autos","2015-10-16","2015-11-20","2019-07-15","2020-10-16",6290,6290,34951,"normal",26,"normal","normal",46,22501,"mujer","fisica","subasta (0,20]","modulo-agencia",5.0,9,0,1,48,1
"comerciante",37,387378,"automático","autos 6 &amp; ya","2019-04-26","2020-04-17","2022-05-27","2024-04-26",12912,6456,28560,"normal",26,"express","automatica",35,15446,"mujer","fisica","automático","captacion",51.0,8,0,1,39,1
"empleado (a)",17,103079,"sorteo","autos 6 &amp; ya","2021-01-22","2021-09-24","2022-06-03","2026-01-22",3434,2000,9736,"normal",48,"normal","normal",15,6793,"mujer","fisica","sorteo","facebook",35.0,7,0,1,19,1
"médico (a)",31,280671,"subastado con 013","autos","2017-04-21","2017-04-21","2019-10-08","2022-04-21",28062,4677,28306,"legal",34,"normal","normal",25,14194,"mujer","fisica","subasta (0,20]","captacion",0.0,5,0,1,36,0
"empleado (a)",60,353513,"automático","autos","2015-10-16","2016-09-23","2020-09-02","2020-10-16",53019,5891,29270,"legal",48,"express","automatica",51,28020,"hombre","fisica","automático","modulo-agencia",49.0,7,0,1,61,0
"empleado (a)",25,183434,"subastado con 013","autos","2018-08-17","2019-03-15","2020-07-22","2023-08-17",12228,3057,16839,"legal",44,"express","automatica",21,11006,"hombre","fisica","subasta (0,20]","facebook",30.0,9,0,1,29,0
"propietario (a)",41,481715,"subastado con 014","autos","2017-11-17","2020-02-21","2021-03-25","2022-11-17",8028,8028,33990,"normal",39,"express","automatica",40,18057,"hombre","fisica","subasta (0,20]","captacion",118.0,6,0,1,42,1
"accionista",34,187236,"subastado con 013","autos","2018-01-19","2018-12-21","2022-05-31","2023-01-19",24960,3120,17281,"legal",33,"express","automatica",26,15090,"hombre","fisica","subasta (0,20]","facebook",48.0,8,0,1,39,0
"cirujano",45,277107,"automático","autos 6 &amp; ya","2018-08-17","2019-04-26","2022-05-14","2023-08-17",4618,4618,19096,"normal",33,"express","automatica",44,19030,"mujer","fisica","automático","facebook",36.0,9,0,1,46,1
"director (a)",60,286226,"subastado con 013","autos","2017-09-15","2019-03-15","2022-06-01","2022-09-15",4770,4770,21287,"normal",31,"express","automatica",59,26549,"hombre","fisica","subasta (0,20]","captacion",78.0,3,0,1,61,1
"vendedor (a)",27,101459,"subastado con 012","autos","2015-11-20","2015-12-18","2017-12-30","2020-11-20",15210,2000,11718,"legal",37,"express","normal",18,13396,"mujer","fisica","subasta (0,20]","captacion",4.0,2,0,1,30,0
"ejecutivo (a)",42,227575,"subastado con 014","autos 6 &amp; ya","2018-11-16","2019-07-19","2022-06-02","2023-11-16",0,3792,20855,"normal",45,"express","automatica",42,17669,"hombre","fisica","subasta (0,20]","captacion",35.0,9,0,1,42,1
"ejecutivo (a)",38,194428,"subastado con 014","autos 6 &amp; ya","2019-03-15","2020-02-21","2022-05-02","2024-03-15",6480,3240,15155,"normal",33,"express","automatica",36,15889,"mujer","fisica","subasta (0,20]","facebook",49.0,9,0,1,39,1
"coordinador (a)",17,83750,"sorteo","autos 6 &amp; ya","2021-01-22","2021-08-20","2022-06-01","2026-01-22",1395,2000,6643,"normal",37,"express","automatica",16,6835,"hombre","fisica","sorteo","facebook",30.0,8,0,1,18,1
"independiente",30,141362,"sorteo","autos","2019-12-20","2020-05-15","2022-06-02","2024-12-20",0,2356,7790,"normal",33,"normal","normal",30,12356,"mujer","fisica","sorteo","modulo-agencia",21.0,8,0,1,30,1
"agente",59,363895,"subastado con 012","autos","2017-06-16","2018-07-20","2022-03-10","2022-06-16",0,6064,23050,"normal",29,"express","automatica",59,25687,"mujer","fisica","subasta (0,20]","modulo-agencia",57.0,8,0,1,59,1
"empleado (a)",48,313640,"automático","autos 6 &amp; ya","2018-04-20","2019-01-18","2022-05-10","2023-04-20",5227,5227,26914,"normal",30,"express","automatica",47,20494,"hombre","fisica","automático","facebook",39.0,9,0,1,49,1
"trabajador (a)",16,69858,"sorteo","autos 6 &amp; ya","2021-02-19","2021-06-18","2022-06-02","2026-02-19",1164,2000,5008,"normal",20,"normal","normal",15,6374,"hombre","fisica","sorteo","facebook",17.0,8,0,1,17,1
"comandante",33,233163,"sorteo","autos 6 &amp; ya","2019-09-20","2020-04-17","2022-06-02","2024-09-20",7772,3886,20901,"normal",47,"express","automatica",31,13676,"hombre","fisica","sorteo","facebook",30.0,8,0,1,35,1
"técnico (a)",32,139295,"sorteo","autos 6 &amp; ya","2017-05-19","2018-01-19","2019-12-02","2022-05-19",23210,2321,15830,"legal",56,"express","automatica",22,14578,"hombre","moral","sorteo","web",35.0,9,0,1,33,0
"propietario (a)",41,282069,"sorteo","autos 6 &amp; ya","2018-12-21","2019-05-17","2022-05-08","2023-12-21",4701,4701,28439,"normal",49,"normal","normal",40,17221,"hombre","fisica","sorteo","facebook",21.0,9,0,1,42,1
"empleado (a)",40,214348,"automático","autos","2016-10-21","2017-11-17","2020-01-10","2021-10-21",32148,3572,20528,"legal",50,"express","automatica",31,18451,"hombre","fisica","automático","captacion",56.0,8,0,0,41,0
"chofer",32,187576,"automático","autos","2017-12-15","2018-11-16","2020-06-15","2022-12-15",25008,3126,19965,"legal",22,"express","automatica",24,14285,"hombre","fisica","automático","facebook",48.0,8,0,1,33,0
"empleado (a)",33,255644,"subastado con 013","autos","2017-06-16","2018-11-16","2020-02-04","2022-06-16",25560,4260,22567,"legal",39,"express","normal",27,14953,"mujer","fisica","subasta (0,20]","modulo-agencia",74.0,7,0,1,38,0
"estilista",57,311841,"automático","autos 6 &amp; ya","2017-09-15","2018-05-18","2022-05-01","2022-09-15",5197,5197,35506,"normal",22,"express","automatica",56,24621,"mujer","fisica","automático","captacion",35.0,9,0,1,58,1
"propietario (a)",25,260720,"sorteo","autos 6 &amp; ya","2020-05-15","2021-01-22","2022-05-04","2025-05-15",8690,4345,22911,"normal",28,"express","automatica",23,10202,"mujer","fisica","sorteo","facebook",36.0,8,0,1,27,1
"propietario (a)",34,409850,"sorteo","autos 6 &amp; ya","2019-08-16","2020-04-17","2022-06-03","2024-08-16",13660,6830,21113,"normal",30,"express","automatica",32,14117,"hombre","fisica","sorteo","facebook",35.0,7,0,1,35,1
"taxista",26,164014,"sorteo","autos","2020-02-21","2020-10-16","2022-05-13","2025-02-21",2733,2733,9921,"normal",53,"normal","normal",25,10680,"hombre","fisica","sorteo","facebook",34.0,9,0,1,27,1
"comerciante",21,176849,"subastado con 014","autos 6 &amp; ya","2020-08-21","2021-06-18","2022-05-25","2025-08-21",0,2947,15195,"normal",32,"express","automatica",21,8482,"hombre","fisica","subasta (0,20]","facebook",43.0,8,0,1,21,1
"empleado (a)",37,296610,"automático","autos","2019-04-26","2020-02-21","2022-05-03","2024-04-26",9886,4943,34173,"normal",46,"express","automatica",35,15446,"hombre","fisica","automático","modulo-agencia",43.0,9,0,1,39,1
"comerciante",17,169339,"subastado con 014","autos 6 &amp; ya","2021-01-22","2021-10-15","2022-06-03","2026-01-22",0,2822,15211,"normal",38,"express","automatica",17,6793,"hombre","fisica","subasta (0,20]","facebook",38.0,7,0,1,17,1
"propietario (a)",51,502413,"automático","autos 6 &amp; ya","2016-12-16","2017-08-18","2021-01-28","2021-12-16",8373,8373,53506,"normal",27,"express","automatica",50,23047,"hombre","fisica","automático","captacion",35.0,8,0,1,52,1
"comerciante",39,246833,"subastado con 014","autos","2019-01-18","2019-12-20","2022-05-11","2024-01-18",8226,4113,26270,"normal",47,"express","automatica",37,16398,"hombre","fisica","subasta (0,20]","captacion",48.0,9,0,1,41,1
"propietario (a)",28,120764,"sorteo","autos","2017-04-21","2017-10-20","2019-07-22","2022-04-21",14084,2012,13712,"legal",33,"normal","normal",21,12874,"hombre","fisica","sorteo","modulo-agencia",26.0,8,0,0,31,0
"médico (a)",44,360905,"subastado con 014","autos 6 &amp; ya","2018-09-21","2019-07-19","2022-06-01","2023-09-21",6015,6015,39196,"normal",32,"express","automatica",43,18574,"mujer","fisica","subasta (0,20]","facebook",43.0,9,1,1,45,1
"empleado (a)",57,331810,"subastado con 012","autos","2016-12-16","2017-10-20","2022-04-01","2021-12-16",11060,5530,34556,"normal",35,"express","automatica",55,28506,"hombre","fisica","subasta (0,20]","modulo-agencia",44.0,9,0,1,58,1
"propietario (a)",48,282745,"sorteo","autos","2018-06-15","2019-02-15","2022-05-03","2023-06-15",4712,4712,22937,"normal",33,"normal","normal",47,20411,"hombre","fisica","sorteo","facebook",35.0,7,0,1,49,1
"abogado (a)",31,195553,"sorteo","autos","2019-10-18","2020-07-17","2022-06-03","2024-10-18",3259,3259,22628,"normal",35,"normal","normal",30,12794,"hombre","fisica","sorteo","captacion",39.0,9,0,1,32,1
"ingeniero (a)",34,176349,"sorteo","autos 6 &amp; ya","2019-08-16","2020-04-17","2022-06-03","2024-08-16",5878,2939,18508,"normal",31,"express","automatica",32,14117,"hombre","fisica","sorteo","facebook",35.0,8,1,1,35,1
"recursos humanos",34,160539,"subastado con 014","autos 6 &amp; ya","2019-08-16","2020-02-21","2022-05-03","2024-08-16",2675,2675,12388,"normal",21,"express","automatica",33,14117,"hombre","fisica","subasta (0,20]","facebook",27.0,8,0,1,35,1
"ingeniero (a)",21,98471,"subastado con 014","autos 6 &amp; ya","2020-08-21","2021-03-26","2022-05-03","2025-08-21",3282,2000,9217,"normal",34,"express","automatica",19,8482,"hombre","fisica","subasta (0,20]","facebook",31.0,9,0,1,22,1
"chofer",53,255777,"sorteo","autos","2017-12-15","2018-04-20","2022-05-13","2022-12-15",0,4262,21906,"normal",38,"normal","normal",53,22814,"hombre","fisica","sorteo","modulo-agencia",18.0,6,0,1,53,1
"gerente",60,284302,"automático","autos","2017-01-20","2017-12-15","2022-02-22","2022-01-20",4738,4738,26207,"normal",28,"express","automatica",59,27745,"mujer","fisica","automático","modulo-agencia",47.0,8,0,1,61,1
"chofer",24,118198,"sorteo","autos 6 &amp; ya","2018-12-21","2019-04-26","2020-11-10","2023-12-21",9845,2000,9297,"legal",18,"normal","normal",19,10429,"hombre","fisica","sorteo","modulo-agencia",18.0,6,0,1,25,0
"académico (a)",18,87083,"sorteo","autos 6 &amp; ya","2020-12-18","2021-08-20","2022-06-02","2025-12-18",0,2000,7233,"normal",27,"normal","normal",18,7214,"hombre","fisica","sorteo","captacion",35.0,8,0,1,18,1
"propietario (a)",32,269948,"subastado con 014","autos","2019-09-20","2019-09-20","2022-06-03","2024-09-20",8998,4499,13999,"normal",27,"normal","normal",30,13297,"hombre","fisica","subasta (0,20]","facebook",0.0,8,0,1,33,1
"independiente",37,248897,"subastado con 014","autos 6 &amp; ya","2018-09-21","2019-06-21","2021-09-29","2023-09-21",20740,4148,22478,"legal",29,"express","automatica",32,15863,"hombre","fisica","subasta (0,20]","facebook",39.0,9,0,1,39,0
"asegurador (a)",48,258793,"automático","autos","2017-11-17","2019-01-18","2021-10-04","2022-11-17",8626,4313,19931,"normal",48,"express","automatica",46,20878,"hombre","fisica","automático","captacion",61.0,8,0,1,49,1
"gestor (a)",40,243643,"subastado con 014","autos 6 &amp; ya","2019-01-18","2019-08-16","2022-05-31","2024-01-18",8120,4060,22915,"normal",38,"express","automatica",38,16842,"hombre","fisica","subasta (0,20]","captacion",30.0,7,0,1,42,1
"jubilado (a)",54,308941,"automático","autos","2017-11-17","2018-10-19","2022-06-02","2022-11-17",10298,5149,26546,"normal",52,"express","automatica",52,23193,"mujer","fisica","automático","modulo-agencia",48.0,9,0,1,55,1
"gerente",27,187230,"automático","autos","2015-12-18","2016-10-21","2018-01-03","2020-12-18",24960,3120,19013,"legal",35,"express","automatica",19,13341,"hombre","fisica","automático","captacion",44.0,7,0,1,28,0
"encargado (a)",37,213509,"sorteo","autos","2019-04-26","2020-05-15","2022-05-12","2024-04-26",7116,3558,20105,"normal",35,"express","automatica",35,15510,"hombre","fisica","sorteo","facebook",55.0,8,0,1,38,1
"empleado (a)",26,174275,"sorteo","autos 6 &amp; ya","2020-04-17","2021-01-22","2022-06-03","2025-04-17",2904,2904,11934,"normal",40,"express","automatica",25,10630,"mujer","fisica","sorteo","facebook",40.0,8,0,1,27,1
"empleado (a)",36,296069,"sorteo","autos 6 &amp; ya","2018-06-15","2018-09-21","2021-05-13","2023-06-15",39472,4934,34352,"legal",31,"normal","normal",28,15628,"hombre","fisica","sorteo","facebook",14.0,9,0,1,42,0
"contador (a)",33,241627,"sorteo","autos","2019-08-16","2020-11-20","2022-06-02","2024-08-16",8054,4027,19700,"normal",51,"express","automatica",31,13738,"hombre","fisica","sorteo","modulo-agencia",66.0,8,0,1,34,1
"asesor (a)",60,343741,"sorteo","autos","2015-12-18","2016-02-19","2021-03-12","2020-12-18",11458,5729,23985,"normal",48,"normal","normal",58,29999,"hombre","fisica","sorteo","evento",9.0,8,0,1,61,1
"empleado (a)",27,190656,"subastado con 012","autos 6 &amp; ya","2017-04-21","2017-11-17","2019-06-30","2022-04-21",12708,3177,11986,"legal",20,"express","automatica",23,12432,"hombre","fisica","subasta (0,20]","facebook",30.0,8,0,1,30,0
"mecánico (a)",44,340475,"automático","autos 6 &amp; ya","2018-08-17","2019-03-15","2022-05-14","2023-08-17",11348,5674,31018,"normal",28,"express","automatica",42,18651,"hombre","fisica","automático","facebook",30.0,9,0,1,46,1
"cajero (a)",22,172508,"sorteo","autos 6 &amp; ya","2020-07-17","2021-02-19","2022-06-02","2025-07-17",2875,2875,16412,"normal",34,"express","automatica",21,8909,"hombre","fisica","sorteo","facebook",31.0,9,0,1,23,1
"comerciante",27,338388,"automático","autos","2016-07-15","2018-09-21","2018-08-18","2021-07-15",11278,5639,36772,"normal",42,"express","automatica",25,12976,"hombre","fisica","automático","captacion",114.0,8,0,1,29,1
"jefe (a)",29,191570,"sorteo","autos 6 &amp; ya","2020-01-17","2020-06-19","2022-06-01","2025-01-17",3192,3192,15547,"normal",44,"normal","normal",28,11921,"mujer","fisica","sorteo","facebook",22.0,8,0,1,30,1
"enfermera (o)",42,557232,"subastado con 013","autos","2018-11-16","2019-01-18","2022-06-03","2023-11-16",18574,9287,28780,"normal",49,"express","normal",40,17669,"hombre","fisica","subasta (0,20]","evento",9.0,9,0,1,44,1
"técnico (a)",55,366341,"automático","autos","2017-10-20","2018-08-17","2022-06-03","2022-10-20",0,6105,23600,"normal",30,"express","automatica",55,23764,"hombre","fisica","automático","facebook",43.0,8,0,1,55,1
"técnico (a)",30,225794,"sorteo","autos 6 &amp; ya","2019-11-15","2020-08-21","2022-05-02","2024-11-15",7526,3763,19604,"normal",22,"express","automatica",28,12356,"hombre","fisica","sorteo","facebook",40.0,9,0,1,32,1
"encargado (a)",43,345905,"subastado con 013","autos","2017-11-17","2018-11-16","2021-04-29","2022-11-17",46120,5765,23642,"legal",26,"express","automatica",35,18939,"hombre","fisica","subasta (0,20]","modulo-agencia",52.0,8,0,1,49,0
"chofer",27,209461,"sorteo","autos 6 &amp; ya","2020-02-21","2020-07-17","2022-06-02","2025-02-21",6982,3491,23045,"normal",25,"normal","normal",25,11059,"hombre","fisica","sorteo","facebook",21.0,9,0,1,28,1
"arquitecto (a)",43,312503,"automático","autos","2018-10-19","2020-02-21","2022-06-03","2023-10-19",5208,5208,16200,"normal",27,"express","automatica",42,18120,"hombre","fisica","automático","facebook",70.0,9,1,1,44,1
"propietario (a)",58,354237,"automático","autos","2017-04-21","2018-03-16","2022-04-28","2022-04-21",0,5903,23611,"normal",41,"express","automatica",58,25404,"hombre","fisica","automático","modulo-agencia",47.0,9,0,1,58,1
"empleado (a)",29,257993,"sorteo","autos","2019-12-20","2020-12-18","2022-04-29","2024-12-20",0,4299,19853,"normal",54,"express","automatica",29,11921,"hombre","fisica","sorteo","facebook",52.0,8,0,1,29,1
"independiente",45,284360,"automático","autos","2018-08-17","2019-09-20","2022-05-02","2023-08-17",0,4739,29623,"normal",30,"express","automatica",45,19030,"hombre","fisica","automático","facebook",57.0,8,0,1,45,1
"propietario (a)",60,314734,"automático","autos","2016-02-19","2017-04-21","2021-04-09","2021-02-19",10490,5245,28831,"normal",48,"express","automatica",58,29377,"mujer","fisica","automático","modulo-agencia",61.0,9,1,1,62,1
"auditor (a)",49,330842,"subastado con 013","autos 6 &amp; ya","2018-03-16","2019-03-15","2022-05-27","2023-03-16",11028,5514,19196,"normal",32,"express","automatica",47,20954,"hombre","fisica","subasta (0,20]","captacion",52.0,8,0,1,51,1
"supervisor (a)",34,237495,"subastado con 014","autos 6 &amp; ya","2019-08-16","2020-03-20","2022-06-02","2024-08-16",3958,3958,15971,"normal",47,"express","automatica",33,14117,"hombre","fisica","subasta (0,20]","captacion",31.0,8,0,1,35,1
"propietario (a)",59,283959,"sorteo","autos","2016-02-19","2016-12-16","2021-05-04","2021-02-19",0,4732,28273,"normal",30,"express","automatica",59,29784,"hombre","fisica","sorteo","captacion",43.0,8,1,1,59,1
"agente",39,257495,"subastado con 013","autos","2017-11-17","2017-11-17","2021-01-06","2022-11-17",42910,4291,22062,"legal",24,"normal","normal",29,17235,"hombre","fisica","subasta (0,20]","captacion",0.0,8,1,1,47,0
"empleado (a)",38,268699,"automático","autos 6 &amp; ya","2017-01-20","2017-10-20","2020-01-17","2022-01-20",26868,4478,16325,"legal",28,"express","automatica",32,17447,"hombre","fisica","automático","captacion",39.0,8,0,1,40,0
"docente",38,213387,"sorteo","autos","2019-04-26","2020-05-15","2022-06-01","2024-04-26",0,3556,14659,"normal",57,"express","automatica",38,15889,"mujer","moral","sorteo","captacion",55.0,8,0,1,38,1
"ejecutivo (a)",45,274697,"subastado con 013","autos","2016-02-19","2016-02-19","2019-09-03","2021-02-19",18312,4578,26107,"legal",23,"normal","normal",41,21311,"hombre","fisica","subasta (0,20]","captacion",0.0,9,1,1,48,0
"docente",56,255375,"sorteo","autos","2017-06-16","2017-08-18","2021-12-17","2022-06-16",4256,4256,15463,"normal",57,"normal","normal",55,24534,"mujer","moral","sorteo","captacion",9.0,8,0,1,57,1
"empleado (a)",34,202559,"automático","autos 6 &amp; ya","2019-08-16","2020-03-20","2022-06-01","2024-08-16",6750,3375,18942,"normal",38,"express","automatica",32,14117,"hombre","fisica","automático","modulo-agencia",31.0,8,0,1,35,1
"comerciante",51,253577,"automático","autos","2018-03-16","2019-02-15","2022-05-30","2023-03-16",8452,4226,25699,"normal",51,"express","automatica",49,21795,"hombre","fisica","automático","modulo-agencia",48.0,8,0,1,52,1
"gerente",45,250084,"automático","autos","2018-01-19","2018-11-16","2021-08-11","2023-01-19",20840,4168,21911,"legal",29,"express","automatica",40,19614,"hombre","fisica","automático","captacion",43.0,7,0,1,47,0
"obrero (a)",57,324691,"automático","autos","2017-06-16","2018-02-16","2022-06-02","2022-06-16",5411,5411,26195,"normal",36,"express","automatica",56,24823,"hombre","fisica","automático","captacion",35.0,9,0,1,58,1
"comerciante",46,364325,"subastado con 013","autos","2016-02-19","2016-02-19","2019-10-18","2021-02-19",0,6072,21701,"normal",50,"normal","normal",46,21750,"hombre","fisica","subasta (0,20]","modulo-agencia",0.0,9,0,1,46,1
"administrador (a)",55,380185,"subastado con 012","autos","2016-02-19","2016-11-18","2020-07-10","2021-02-19",12672,6336,24098,"normal",69,"express","automatica plus",53,25623,"hombre","moral","subasta (0,20]","captacion",39.0,8,0,1,57,1
"trabajador (a)",49,362311,"sorteo","autos","2016-11-18","2017-09-15","2020-10-25","2021-11-18",24152,6038,29136,"legal",35,"normal","normal",45,22296,"hombre","fisica","sorteo","captacion",43.0,8,0,1,50,0
"gerente",52,349730,"subastado con 013","autos 6 &amp; ya","2018-01-19","2019-03-15","2022-05-13","2023-01-19",11656,5828,27570,"normal",40,"express","automatica",50,22345,"mujer","fisica","subasta (0,20]","modulo-agencia",60.0,8,1,1,54,1
"administrador (a)",20,148776,"subastado con 014","autos 6 &amp; ya","2020-08-21","2021-03-26","2022-06-01","2025-08-21",2479,2479,12158,"normal",59,"express","automatica",19,8103,"mujer","moral","subasta (0,20]","facebook",31.0,9,0,1,21,1
"chofer",45,262858,"automático","autos","2018-04-20","2019-04-26","2022-05-25","2023-04-20",17520,4380,19753,"legal",25,"express","automatica",41,19340,"mujer","fisica","automático","modulo-agencia",53.0,9,1,1,47,0
"empleado (a)",60,366544,"subastado con 012","autos","2017-04-21","2018-01-19","2022-03-16","2022-04-21",12218,6109,26914,"normal",41,"express","automatica",58,26170,"hombre","fisica","subasta (0,20]","modulo-agencia",39.0,9,0,1,62,1
"ejecutivo (a)",32,242250,"subastado con 013","autos","2017-04-21","2017-04-21","2019-11-04","2022-04-21",20185,4037,17277,"legal",28,"normal","normal",27,14629,"hombre","fisica","subasta (0,20]","facebook",0.0,8,0,1,34,0
"administrador (a)",41,483779,"subastado con 013","autos","2017-11-17","2019-01-18","2021-03-01","2022-11-17",0,8062,45979,"normal",45,"express","automatica",41,18057,"mujer","fisica","subasta (0,20]","modulo-agencia",61.0,9,0,1,41,1
"coordinador (a)",48,324649,"automático","autos 6 &amp; ya","2018-05-18","2019-05-17","2022-06-01","2023-05-18",5410,5410,23271,"normal",43,"express","automatica",47,20494,"mujer","fisica","automático","facebook",52.0,7,0,1,49,1
"jefe (a)",60,459314,"automático","autos","2016-07-15","2018-05-18","2021-08-02","2021-07-15",0,7655,33033,"normal",41,"express","automatica",60,27926,"hombre","fisica","automático","modulo-agencia",96.0,9,0,1,60,1
"operador (a)",57,263544,"sorteo","autos","2016-02-19","2016-11-18","2021-02-19","2021-02-19",26352,4392,23588,"legal",50,"normal","normal",51,28559,"hombre","fisica","sorteo","modulo-agencia",39.0,7,0,1,59,0
"operador (a)",21,122861,"subastado con 014","autos 6 &amp; ya","2020-09-18","2021-05-28","2022-06-01","2025-09-18",0,2047,12875,"normal",27,"express","automatica",21,8482,"mujer","fisica","subasta (0,20]","facebook",36.0,8,0,1,21,1
"comerciante",28,146096,"sorteo","autos 6 &amp; ya","2019-12-20","2020-09-18","2022-04-11","2024-12-20",0,2434,14587,"normal",28,"express","automatica",28,11542,"mujer","fisica","sorteo","captacion",39.0,9,0,1,28,1
"encargado (a)",41,239108,"subastado con 014","autos","2018-12-21","2019-10-18","2022-06-02","2023-12-21",3985,3985,25776,"normal",49,"express","automatica",40,17221,"mujer","fisica","subasta (0,20]","captacion",43.0,9,0,1,42,1
"docente",17,89029,"sorteo","autos 6 &amp; ya","2020-12-18","2021-12-27","2022-06-03","2025-12-18",1483,2000,9676,"normal",45,"normal","normal",16,6793,"mujer","fisica","sorteo","facebook",53.4285714285714,9,0,1,18,1
"empleado (a)",60,317773,"automático","autos","2016-02-19","2016-12-16","2021-09-21","2021-02-19",5296,5296,36149,"normal",35,"express","automatica",59,31394,"mujer","fisica","automático","modulo-agencia",43.0,8,0,1,61,1
"desarrollador (a)",58,329709,"subastado con 012","autos","2016-02-19","2017-02-17","2020-10-01","2021-02-19",10990,5495,28185,"normal",29,"express","automatica",56,26892,"hombre","fisica","subasta (0,20]","web",52.0,7,0,1,60,1
"empleado (a)",54,301348,"automático","autos 6 &amp; ya","2017-11-17","2018-07-20","2022-05-13","2022-11-17",0,5022,28097,"normal",38,"express","automatica",54,23193,"hombre","fisica","automático","facebook",35.0,9,0,1,54,1
"propietario (a)",48,300227,"automático","autos 6 &amp; ya","2018-06-15","2019-03-15","2022-05-10","2023-06-15",0,5003,30789,"normal",40,"express","automatica",48,20411,"mujer","fisica","automático","facebook",39.0,8,0,1,48,1
"propietario (a)",53,357578,"subastado con 013","autos","2017-12-15","2019-02-15","2022-05-09","2022-12-15",5959,5959,21887,"normal",52,"express","automatica",52,22814,"hombre","fisica","subasta (0,20]","modulo-agencia",61.0,7,0,1,54,1
"independiente",21,111050,"subastado con 014","autos 6 &amp; ya","2020-09-18","2021-07-16","2022-05-19","2025-09-18",11100,2000,6608,"legal",23,"express","automatica",15,8482,"hombre","fisica","subasta (0,20]","facebook",43.0,8,0,1,23,0
"empleado (a)",40,289599,"sorteo","autos","2019-01-18","2019-04-26","2022-05-31","2024-01-18",0,4826,22420,"normal",43,"normal","normal",40,16842,"hombre","fisica","sorteo","facebook",14.0,8,0,1,40,1
"contador (a)",57,280860,"automático","autos","2017-01-20","2017-10-20","2021-08-31","2022-01-20",4681,4681,29905,"normal",31,"express","automatica",56,25395,"mujer","fisica","automático","captacion",39.0,8,1,1,58,1
"comerciante",31,144405,"sorteo","autos","2019-12-20","2021-01-22","2022-05-03","2024-12-20",0,2406,12777,"normal",35,"express","automatica",31,12794,"hombre","fisica","sorteo","captacion",57.0,8,0,1,31,1
"contador (a)",19,89831,"subastado con 014","autos 6 &amp; ya","2020-10-16","2021-06-18","2022-05-10","2025-10-16",2994,2000,9056,"normal",32,"express","automatica",17,7679,"mujer","fisica","subasta (0,20]","facebook",35.0,8,0,1,21,1
"propietario (a)",15,152810,"subastado con 012","autos","2016-03-18","2016-03-18","2017-04-06","2021-03-18",15276,2546,16187,"legal",41,"normal","normal",9,7526,"mujer","fisica","subasta (0,20]","captacion",0.0,7,1,1,16,0
"comerciante",56,321200,"automático","autos","2017-10-20","2018-08-17","2022-06-03","2022-10-20",5353,5353,22250,"normal",33,"express","automatica",55,24143,"mujer","fisica","automático","captacion",43.0,8,0,1,57,1
"socio (a)",54,571496,"subastado con 013","autos 6 &amp; ya","2017-12-15","2018-09-21","2022-06-02","2022-12-15",0,9524,50265,"normal",38,"express","automatica",54,23193,"mujer","fisica","subasta (0,20]","facebook",40.0,8,0,1,54,1
"propietario (a)",59,349157,"automático","autos","2016-03-18","2017-01-20","2021-10-25","2021-03-18",5819,5819,20709,"normal",37,"express","automatica",58,31278,"hombre","fisica","automático","captacion",44.0,8,0,1,60,1
"ama(o) de casa",57,434400,"automático","autos","2017-09-15","2018-10-19","2022-05-31","2022-09-15",14480,7240,42385,"normal",52,"express","automatica",55,24621,"mujer","fisica","automático","modulo-agencia",57.0,8,0,1,59,1
"policía",44,324153,"automático","autos","2016-03-18","2017-02-17","2019-09-24","2021-03-18",48618,5402,28229,"legal",39,"express","automatica",35,20799,"hombre","fisica","automático","captacion",48.0,7,0,1,53,0
"empleado (a)",59,357284,"automático","autos","2017-05-19","2018-03-16","2022-03-30","2022-05-19",0,5954,29559,"normal",44,"express","automatica",59,25687,"hombre","fisica","automático","telemkt",43.0,7,0,1,59,1
"supervisor (a)",29,220074,"automático","autos","2020-01-17","2020-02-21","2022-06-01","2025-01-17",7334,3667,22908,"normal",51,"normal","automatica",27,11921,"mujer","fisica","automático","captacion",5.0,8,0,1,31,1
"cobranza",38,262819,"subastado con 014","autos 6 &amp; ya","2019-03-15","2019-10-18","2022-05-06","2024-03-15",8760,4380,27160,"normal",47,"express","automatica",36,15889,"mujer","fisica","subasta (0,20]","captacion",31.0,9,0,1,40,1
"docente",42,290378,"subastado con 014","autos 6 &amp; ya","2018-10-19","2019-07-19","2022-06-02","2023-10-19",9678,4839,20462,"normal",42,"express","automatica",40,17741,"hombre","fisica","subasta (0,20]","facebook",39.0,7,0,1,44,1
"propietario (a)",50,292362,"automático","autos","2016-03-18","2017-05-19","2020-03-31","2021-03-18",38976,4872,28374,"legal",48,"express","automatica",42,23391,"hombre","fisica","automático","modulo-agencia",61.0,6,0,1,57,0
"empleado (a)",54,420154,"automático","autos","2017-11-17","2018-10-19","2022-05-31","2022-11-17",7002,7002,38176,"normal",36,"express","automatica",53,23287,"hombre","fisica","automático","captacion",48.0,8,0,1,55,1
"propietario (a)",30,209049,"subastado con 014","autos 6 &amp; ya","2018-10-19","2019-06-21","2021-03-12","2023-10-19",27872,3484,21823,"legal",33,"express","automatica",22,12985,"hombre","fisica","subasta (0,20]","facebook",35.0,9,0,1,34,0
"gerente",20,170436,"sorteo","autos 6 &amp; ya","2020-09-18","2021-06-18","2022-06-03","2025-09-18",2840,2840,10077,"normal",42,"express","automatica",19,8058,"hombre","fisica","sorteo","facebook",39.0,9,0,1,21,1
"propietario (a)",49,378050,"subastado con 013","autos","2018-04-20","2018-04-20","2022-05-09","2023-04-20",12600,6300,38134,"normal",28,"normal","normal",47,20873,"mujer","fisica","subasta (0,20]","captacion",0.0,8,1,1,51,1
"seguridad",38,246491,"subastado con 014","autos","2019-03-15","2020-01-17","2022-06-01","2024-03-15",8216,4108,20446,"normal",32,"express","automatica",36,15889,"hombre","fisica","subasta (0,20]","facebook",44.0,9,0,1,39,1
"ingeniero (a)",34,143804,"automático","autos","2019-08-16","2020-07-17","2022-06-02","2024-08-16",0,2396,9885,"normal",22,"express","automatica",34,14117,"hombre","fisica","automático","facebook",48.0,8,0,1,34,1
"auxiliar",34,160804,"sorteo","autos","2019-08-16","2019-12-20","2022-05-04","2024-08-16",2680,2680,11475,"normal",27,"normal","normal",33,14117,"hombre","fisica","sorteo","captacion",18.0,7,0,1,35,1
"jubilado (a)",30,140859,"automático","autos","2016-03-18","2017-04-21","2018-07-16","2021-03-18",9388,2347,11460,"legal",53,"express","automatica",26,14563,"hombre","fisica","automático","captacion",57.0,8,0,1,31,0
"chef",59,293796,"automático","autos","2017-06-16","2018-03-16","2022-05-03","2022-06-16",9792,4896,27218,"normal",34,"express","automatica",57,25583,"mujer","fisica","automático","captacion",39.0,9,0,1,61,1
"jubilado (a)",23,114076,"automático","autos 6 &amp; ya","2020-02-21","2020-12-18","2022-04-13","2025-02-21",7604,2000,8332,"legal",69,"express","automatica",19,9566,"hombre","moral","automático","telemkt",43.0,8,0,1,27,0
"vendedor (a)",39,181813,"automático","autos","2017-06-16","2018-05-18","2020-08-31","2022-06-16",18180,3030,18511,"legal",23,"express","automatica",33,17526,"hombre","fisica","automático","captacion",48.0,9,0,1,45,0
"independiente",43,519426,"sorteo","autos 6 &amp; ya","2018-01-19","2018-07-20","2021-06-21","2023-01-19",8657,8657,35165,"normal",49,"normal","normal",42,18809,"mujer","fisica","sorteo","modulo-agencia",26.0,8,0,1,44,1
"supervisor (a)",51,228198,"automático","autos","2018-03-16","2018-10-19","2022-05-06","2023-03-16",3803,3803,21840,"normal",27,"express","automatica",50,21795,"hombre","fisica","automático","facebook",31.0,8,0,1,52,1
"contador (a)",60,374193,"automático","autos","2017-01-20","2017-10-20","2021-11-01","2022-01-20",56124,6236,22575,"legal",33,"express","automatica",51,26582,"hombre","fisica","automático","modulo-agencia",39.0,8,1,1,64,0
"empleado (a)",59,348704,"sorteo","autos","2017-06-16","2018-02-16","2022-06-02","2022-06-16",0,5811,29148,"normal",47,"normal","normal",59,25583,"hombre","fisica","sorteo","captacion",35.0,8,0,1,59,1
"jubilado (a)",34,152612,"sorteo","autos 6 &amp; ya","2019-09-20","2020-07-17","2022-06-02","2024-09-20",0,2543,15955,"normal",45,"express","automatica",34,14117,"mujer","fisica","sorteo","captacion",43.0,8,0,1,34,1
"propietario (a)",49,292383,"subastado con 014","autos","2018-05-18","2019-08-16","2022-06-02","2023-05-18",9746,4873,15607,"normal",60,"express","automatica",47,20873,"mujer","moral","subasta (0,20]","captacion",65.0,9,0,1,50,1
"operador (a)",18,71656,"sorteo","autos 6 &amp; ya","2016-11-18","2017-06-16","2018-04-09","2021-11-18",9552,2000,7343,"legal",30,"normal","normal",10,8595,"hombre","fisica","sorteo","web",30.0,9,0,1,26,0
"secretaria (o)",51,552900,"sorteo","autos","2017-09-15","2020-12-18","2021-10-04","2022-09-15",73720,9215,33196,"legal",45,"express","automatica",43,22306,"mujer","fisica","sorteo","captacion",170.0,7,1,1,55,0
"comerciante",43,392832,"subastado con 012","autos","2016-04-15","2017-10-20","2019-09-19","2021-04-15",13094,6547,20583,"normal",30,"express","automatica",41,20289,"hombre","fisica","subasta (0,20]","captacion",79.0,9,0,1,45,1
"ejecutivo (a)",52,409344,"subastado con 013","autos","2017-12-15","2018-10-19","2022-06-01","2022-12-15",13644,6822,36626,"normal",33,"express","automatica",50,22433,"mujer","fisica","subasta (0,20]","facebook",44.0,9,0,1,53,1
"supervisor (a)",48,340851,"automático","autos","2017-05-19","2018-06-15","2021-04-15","2022-05-19",45440,5680,28073,"legal",29,"express","automatica",40,21339,"hombre","fisica","automático","modulo-agencia",56.0,9,0,1,52,0
"gerente",16,117485,"automático","autos 6 &amp; ya","2021-01-22","2021-09-24","2022-06-01","2026-01-22",1958,2000,9789,"normal",41,"express","automatica",15,6374,"mujer","fisica","automático","facebook",35.0,9,1,1,17,1
"transporte",43,300620,"subastado con 014","autos 6 &amp; ya","2018-10-19","2019-07-19","2022-05-03","2023-10-19",5010,5010,21159,"normal",20,"express","automatica",42,18120,"hombre","fisica","subasta (0,20]","facebook",39.0,9,1,1,44,1
"jubilado (a)",54,398211,"automático","autos 6 &amp; ya","2017-11-17","2018-07-20","2022-06-01","2022-11-17",0,6636,36337,"normal",62,"express","automatica",54,23193,"hombre","moral","automático","captacion",35.0,9,0,1,54,1
"conductor (a)",12,75003,"automático","autos 6 &amp; ya","2018-08-17","2019-03-15","2019-07-01","2023-08-17",6250,2000,6214,"legal",46,"express","automatica",7,5354,"hombre","fisica","automático","facebook",30.0,9,0,1,15,0
"coordinador (a)",54,543546,"subastado con 013","autos 6 &amp; ya","2017-11-17","2018-09-21","2022-05-03","2022-11-17",18118,9059,48452,"normal",26,"express","automatica",52,23193,"hombre","fisica","subasta (0,20]","captacion",44.0,9,0,1,55,1
"empleado (a)",29,182449,"sorteo","autos","2019-12-20","2020-11-20","2022-05-04","2024-12-20",0,3040,18086,"normal",33,"express","automatica",29,11921,"hombre","fisica","sorteo","facebook",48.0,9,0,1,29,1
"enfermera (o)",29,356324,"subastado con 014","autos","2019-12-20","2021-07-16","2022-06-02","2024-12-20",5938,5938,23574,"normal",48,"express","automatica",28,11921,"mujer","fisica","subasta (0,20]","captacion",82.0,9,0,1,30,1
"propietario (a)",43,562156,"subastado con 013","autos","2018-09-21","2018-09-21","2022-05-10","2023-09-21",18738,9369,52072,"normal",40,"normal","normal",41,18195,"hombre","fisica","subasta (0,20]","facebook",0.0,9,0,1,44,1
"chofer",34,241086,"sorteo","autos 6 &amp; ya","2019-08-16","2020-04-17","2022-05-02","2024-08-16",4018,4018,27988,"normal",33,"express","automatica",33,14117,"hombre","fisica","sorteo","modulo-agencia",35.0,8,0,1,35,1
"trabajador (a)",15,108880,"subastado con 014","autos 6 &amp; ya","2021-03-19","2021-11-19","2022-06-03","2026-03-19",0,2000,9789,"normal",28,"express","automatica",15,5959,"hombre","fisica","subasta (0,20]","facebook",35.0,8,0,1,15,1
"operador (a)",37,241943,"sorteo","autos","2019-04-26","2020-05-15","2022-04-19","2024-04-26",0,4032,19842,"normal",23,"express","automatica",37,15510,"hombre","fisica","sorteo","captacion",55.0,8,1,1,37,1
"atención",22,251941,"automático","autos","2016-04-15","2016-05-20","2017-12-27","2021-04-15",41990,4199,14499,"legal",39,"express","normal",12,10825,"hombre","fisica","automático","web",5.0,6,0,1,29,0
"consultor (a)",44,369464,"subastado con 014","autos 6 &amp; ya","2018-09-21","2019-06-21","2022-05-06","2023-09-21",12314,6157,36519,"normal",49,"express","automatica",42,18574,"mujer","fisica","subasta (0,20]","facebook",39.0,9,0,1,45,1
"propietario (a)",60,410514,"subastado con 012","autos","2016-12-16","2017-11-17","2022-05-30","2021-12-16",0,6841,35822,"normal",32,"express","automatica",60,26582,"hombre","fisica","subasta (0,20]","facebook",48.0,9,1,1,60,1
"atención",44,218085,"sorteo","autos","2018-04-20","2018-09-21","2021-11-01","2023-04-20",25438,3634,14468,"legal",33,"normal","normal",37,18950,"mujer","fisica","sorteo","captacion",22.0,9,0,1,46,0
"empleado (a)",25,84358,"automático","autos","2016-04-15","2017-08-18","2018-03-26","2021-04-15",5620,2000,7719,"legal",28,"express","automatica",21,12210,"hombre","fisica","automático","modulo-agencia",70.0,9,0,1,26,0
"mesero (a)",16,86636,"sorteo","autos 6 &amp; ya","2021-01-22","2021-09-24","2022-06-03","2026-01-22",0,2000,8484,"normal",21,"express","automatica",16,6374,"hombre","fisica","sorteo","facebook",35.0,9,0,1,16,1
"vendedor (a)",57,279293,"automático","autos","2017-09-15","2018-07-20","2022-06-02","2022-09-15",9308,4654,23902,"normal",46,"express","automatica",55,24621,"mujer","fisica","automático","facebook",44.0,8,1,1,59,1
"coordinador (a)",55,438281,"subastado con 012","autos","2017-07-21","2018-04-20","2022-01-11","2022-07-21",7304,7304,37677,"normal",29,"express","automatica plus",54,23956,"hombre","fisica","subasta (0,20]","telemkt",39.0,9,0,1,56,1
"independiente",30,148194,"automático","autos","2018-03-16","2019-01-18","2020-07-07","2023-03-16",14814,2469,11250,"legal",20,"express","automatica",24,13313,"hombre","fisica","automático","captacion",44.0,8,0,1,32,0
"vendedor (a)",50,280006,"automático","autos 6 &amp; ya","2018-03-16","2018-10-19","2022-06-01","2023-03-16",9332,4666,15574,"normal",26,"express","automatica",48,21333,"hombre","fisica","automático","facebook",31.0,9,0,1,52,1
"empleado (a)",30,163685,"automático","autos","2019-12-20","2020-10-16","2022-06-03","2024-12-20",2728,2728,9254,"normal",40,"express","automatica",29,12356,"mujer","fisica","automático","facebook",43.0,8,0,1,31,1
"propietario (a)",51,311382,"automático","autos","2018-03-16","2019-02-15","2022-06-01","2023-03-16",10378,5189,22190,"normal",24,"express","automatica",49,21795,"hombre","fisica","automático","modulo-agencia",48.0,7,0,1,52,1
"cocinero (a)",51,279335,"automático","autos","2018-03-16","2019-01-18","2022-06-02","2023-03-16",9310,4655,22722,"normal",40,"express","automatica",49,21795,"mujer","fisica","automático","captacion",44.0,8,0,1,53,1
"chofer",37,224922,"subastado con 014","autos 6 &amp; ya","2019-04-26","2020-01-17","2022-05-09","2024-04-26",0,3748,14663,"normal",34,"express","automatica",37,15510,"hombre","fisica","subasta (0,20]","facebook",38.0,8,0,1,37,1
"administrador (a)",60,261131,"automático","autos","2016-04-15","2017-03-17","2022-03-16","2021-04-15",8704,4352,15536,"normal",40,"express","automatica",58,32194,"mujer","fisica","automático","captacion",48.0,9,0,1,62,1
"diseñador (a)",17,92378,"sorteo","autos 6 &amp; ya","2020-12-18","2021-08-20","2022-06-02","2025-12-18",3078,2000,10008,"normal",21,"express","automatica",15,6793,"mujer","fisica","sorteo","facebook",35.0,9,0,1,19,1
"socio (a)",29,139032,"sorteo","autos 6 &amp; ya","2019-11-15","2020-11-20","2022-02-28","2024-11-15",20853,2317,14425,"legal",38,"express","automatica",20,12034,"hombre","fisica","sorteo","captacion",53.0,9,1,1,30,0
"propietario (a)",59,288979,"automático","autos","2016-04-15","2017-02-17","2021-07-19","2021-04-15",0,4816,27510,"normal",39,"express","automatica",59,29061,"mujer","fisica","automático","captacion",44.0,9,0,1,59,1
"vendedor (a)",52,256299,"automático","autos","2018-01-19","2018-12-21","2022-05-19","2023-01-19",0,4271,14339,"normal",33,"express","automatica",52,22258,"hombre","fisica","automático","web",48.0,9,0,1,52,1
"empleado (a)",51,291858,"subastado con 013","autos","2018-01-19","2019-01-18","2022-05-14","2023-01-19",4864,4864,27136,"normal",38,"express","automatica",50,21879,"hombre","fisica","subasta (0,20]","facebook",52.0,9,0,1,52,1
"chofer",60,262896,"automático","autos","2016-07-15","2017-08-18","2022-05-22","2021-07-15",4381,4381,20433,"normal",42,"express","automatica",59,31549,"hombre","fisica","automático","modulo-agencia",57.0,8,0,1,61,1
"operador (a)",56,340955,"automático","autos","2017-09-15","2018-12-21","2022-06-03","2022-09-15",5682,5682,26401,"normal",22,"express","automatica",55,24143,"hombre","fisica","automático","captacion",66.0,9,0,1,57,1
"jefe (a)",54,378762,"subastado con 013","autos","2017-09-15","2018-10-19","2022-04-18","2022-09-15",0,6312,37133,"normal",45,"express","automatica",54,23476,"hombre","fisica","subasta (0,20]","modulo-agencia",57.0,8,0,1,54,1
"empleado (a)",56,445184,"automático","autos","2016-05-20","2017-05-19","2022-03-18","2021-05-20",14838,7419,41567,"normal",29,"express","automatica",54,32194,"mujer","fisica","automático","modulo-agencia",52.0,7,0,1,57,1
"cocinero (a)",40,370539,"subastado con 014","autos 6 &amp; ya","2018-12-21","2020-03-20","2022-05-31","2023-12-21",0,6175,38905,"normal",54,"express","automatica",40,16842,"mujer","fisica","subasta (0,20]","facebook",65.0,8,0,1,40,1
"comerciante",38,250993,"subastado con 014","autos 6 &amp; ya","2019-03-15","2019-10-18","2022-06-01","2024-03-15",0,4183,14978,"normal",50,"express","automatica",38,15889,"hombre","fisica","subasta (0,20]","modulo-agencia",31.0,9,0,1,38,1
"comerciante",52,540818,"automático","autos","2017-05-19","2018-04-20","2021-08-20","2022-05-19",9013,9013,35163,"normal",41,"express","automatica",51,22956,"mujer","fisica","automático","facebook",48.0,7,1,1,53,1
"supervisor (a)",44,320380,"sorteo","autos","2018-08-17","2018-08-17","2022-05-09","2023-08-17",0,5339,22937,"normal",39,"normal","normal",44,18651,"hombre","fisica","sorteo","captacion",0.0,8,0,1,44,1
"administrador (a)",27,233589,"automático","autos 6 &amp; ya","2017-07-21","2018-06-15","2019-09-20","2022-07-21",19465,3893,23134,"legal",26,"express","automatica",22,12308,"hombre","fisica","automático","facebook",47.0,7,0,1,29,0
"empleado (a)",58,360173,"automático","autos","2016-12-16","2017-09-15","2021-09-01","2021-12-16",0,6002,25761,"normal",39,"express","automatica",58,25794,"mujer","fisica","automático","captacion",39.0,9,0,1,58,1
"comerciante",21,125195,"sorteo","autos 6 &amp; ya","2020-08-21","2021-04-16","2022-05-26","2025-08-21",0,2086,12292,"normal",49,"express","automatica",21,8530,"mujer","fisica","sorteo","facebook",34.0,7,0,1,21,1
"propietario (a)",46,246696,"subastado con 012","autos","2016-05-20","2016-07-15","2020-01-30","2021-05-20",36999,4111,14926,"legal",44,"normal","normal",37,21515,"hombre","fisica","subasta (0,20]","modulo-agencia",8.0,7,0,1,47,0
"taxista",51,289928,"automático","autos","2018-03-16","2019-02-15","2022-05-05","2023-03-16",9664,4832,20300,"normal",27,"express","automatica",49,21795,"hombre","fisica","automático","facebook",48.0,8,0,1,53,1
"docente",54,343771,"automático","autos","2017-12-15","2018-08-17","2022-06-03","2022-12-15",0,5729,21569,"normal",22,"express","automatica",54,23193,"mujer","fisica","automático","modulo-agencia",35.0,6,1,1,54,1
"propietario (a)",44,234505,"automático","autos 6 &amp; ya","2018-08-17","2019-05-17","2022-04-08","2023-08-17",3908,3908,18738,"normal",24,"express","automatica",43,18651,"hombre","fisica","automático","facebook",39.0,8,0,1,45,1
"empleado (a)",58,445129,"automático","autos","2017-07-21","2018-07-20","2022-04-22","2022-07-21",14836,7418,36839,"normal",26,"express","automatica",56,25101,"hombre","fisica","automático","modulo-agencia",52.0,9,1,1,60,1
"administrador (a)",56,311539,"automático","autos 6 &amp; ya","2017-07-21","2018-02-16","2022-04-20","2022-07-21",5192,5192,22013,"normal",33,"express","automatica",55,24341,"hombre","fisica","automático","facebook",30.0,9,0,1,57,1
"encargado (a)",44,231392,"automático","autos","2018-09-21","2019-07-19","2022-04-10","2023-09-21",7712,3856,18333,"normal",34,"express","automatica",42,18574,"mujer","fisica","automático","captacion",43.0,9,0,1,46,1
"propietario (a)",30,135964,"sorteo","autos","2019-12-20","2020-11-20","2022-06-02","2024-12-20",2266,2266,14669,"normal",40,"express","automatica",29,12356,"mujer","fisica","sorteo","captacion",48.0,8,0,1,31,1
"empleado (a)",21,96420,"subastado con 014","autos 6 &amp; ya","2020-09-18","2021-04-16","2022-06-02","2025-09-18",0,2000,8867,"normal",48,"express","automatica",21,8482,"hombre","fisica","subasta (0,20]","facebook",30.0,7,0,1,21,1
"consultor (a)",54,276472,"sorteo","autos","2016-05-20","2016-07-15","2020-09-29","2021-05-20",36856,4607,29058,"legal",39,"normal","normal",46,24939,"hombre","fisica","sorteo","modulo-agencia",8.0,7,0,1,57,0
"administrador (a)",60,274306,"subastado con 012","autos","2017-01-20","2017-12-15","2021-12-13","2022-01-20",4571,4571,30924,"normal",61,"express","automatica",59,26475,"hombre","moral","subasta (0,20]","modulo-agencia",47.0,9,0,1,61,1
"empleado (a)",40,313859,"automático","autos","2018-04-20","2019-02-15","2021-07-26","2023-04-20",36610,5230,30298,"legal",40,"express","automatica",33,17360,"hombre","fisica","automático","captacion",43.0,9,0,1,43,0
"mantenimiento",37,203312,"subastado con 014","autos 6 &amp; ya","2019-03-15","2020-01-17","2022-04-26","2024-03-15",6776,3388,15323,"normal",23,"express","automatica",35,15510,"hombre","fisica","subasta (0,20]","facebook",44.0,8,0,1,38,1
"analista",14,76023,"subastado con 014","autos 6 &amp; ya","2021-03-19","2021-10-15","2022-06-02","2026-03-19",1267,2000,5062,"normal",34,"express","automatica",13,5546,"mujer","fisica","subasta (0,20]","facebook",30.0,8,0,1,15,1
"empleado (a)",37,170645,"automático","autos","2017-07-21","2018-05-18","2020-07-07","2022-07-21",28440,2844,15659,"legal",42,"express","automatica",27,16619,"hombre","fisica","automático","captacion",43.0,8,0,1,40,0
"empleado (a)",37,229104,"sorteo","autos","2019-03-15","2020-05-15","2022-05-12","2024-03-15",0,3818,14150,"normal",41,"express","automatica",37,15510,"hombre","fisica","sorteo","captacion",61.0,9,0,1,37,1
"mecánico (a)",38,195616,"subastado con 014","autos 6 &amp; ya","2019-03-15","2019-11-15","2022-06-03","2024-03-15",3260,3260,17168,"normal",28,"express","automatica",37,15889,"hombre","fisica","subasta (0,20]","facebook",35.0,9,0,1,39,1
